session,party,category,scope,variant,divisions,with_dissent,dissent_rate
38-1,Bloc Québécois,appointment,category_only,all,1,0,0.0
38-1,Bloc Québécois,appointment,category_only,contested,1,0,0.0
38-1,Bloc Québécois,appointment,documented_free_excluded,all,1,0,0.0
38-1,Bloc Québécois,appointment,documented_free_excluded,contested,1,0,0.0
38-1,Bloc Québécois,appointment,uncertain_excluded,all,1,0,0.0
38-1,Bloc Québécois,appointment,uncertain_excluded,contested,1,0,0.0
38-1,Bloc Québécois,appointment,unknown_bill_as_government,all,1,0,0.0
38-1,Bloc Québécois,appointment,unknown_bill_as_government,contested,1,0,0.0
38-1,Bloc Québécois,committee_report,category_only,all,15,0,0.0
38-1,Bloc Québécois,committee_report,category_only,contested,10,0,0.0
38-1,Bloc Québécois,committee_report,documented_free_excluded,all,15,0,0.0
38-1,Bloc Québécois,committee_report,documented_free_excluded,contested,10,0,0.0
38-1,Bloc Québécois,committee_report,uncertain_excluded,all,15,0,0.0
38-1,Bloc Québécois,committee_report,uncertain_excluded,contested,10,0,0.0
38-1,Bloc Québécois,committee_report,unknown_bill_as_government,all,15,0,0.0
38-1,Bloc Québécois,committee_report,unknown_bill_as_government,contested,10,0,0.0
38-1,Bloc Québécois,government_bill,category_only,all,70,7,10.0
38-1,Bloc Québécois,government_bill,category_only,contested,69,7,10.144928
38-1,Bloc Québécois,government_bill,documented_free_excluded,all,70,7,10.0
38-1,Bloc Québécois,government_bill,documented_free_excluded,contested,69,7,10.144928
38-1,Bloc Québécois,government_bill,uncertain_excluded,all,70,7,10.0
38-1,Bloc Québécois,government_bill,uncertain_excluded,contested,69,7,10.144928
38-1,Bloc Québécois,government_bill,unknown_bill_as_government,all,70,7,10.0
38-1,Bloc Québécois,government_bill,unknown_bill_as_government,contested,69,7,10.144928
38-1,Bloc Québécois,government_motion,category_only,all,3,0,0.0
38-1,Bloc Québécois,government_motion,category_only,contested,3,0,0.0
38-1,Bloc Québécois,government_motion,documented_free_excluded,all,3,0,0.0
38-1,Bloc Québécois,government_motion,documented_free_excluded,contested,3,0,0.0
38-1,Bloc Québécois,government_motion,uncertain_excluded,all,3,0,0.0
38-1,Bloc Québécois,government_motion,uncertain_excluded,contested,3,0,0.0
38-1,Bloc Québécois,government_motion,unknown_bill_as_government,all,3,0,0.0
38-1,Bloc Québécois,government_motion,unknown_bill_as_government,contested,3,0,0.0
38-1,Bloc Québécois,opposition_motion,category_only,all,27,0,0.0
38-1,Bloc Québécois,opposition_motion,category_only,contested,25,0,0.0
38-1,Bloc Québécois,opposition_motion,documented_free_excluded,all,27,0,0.0
38-1,Bloc Québécois,opposition_motion,documented_free_excluded,contested,25,0,0.0
38-1,Bloc Québécois,opposition_motion,uncertain_excluded,all,27,0,0.0
38-1,Bloc Québécois,opposition_motion,uncertain_excluded,contested,25,0,0.0
38-1,Bloc Québécois,opposition_motion,unknown_bill_as_government,all,27,0,0.0
38-1,Bloc Québécois,opposition_motion,unknown_bill_as_government,contested,25,0,0.0
38-1,Bloc Québécois,private_members_business,category_only,all,39,2,5.128205
38-1,Bloc Québécois,private_members_business,category_only,contested,38,2,5.263158
38-1,Bloc Québécois,private_members_business,documented_free_excluded,all,39,2,5.128205
38-1,Bloc Québécois,private_members_business,documented_free_excluded,contested,38,2,5.263158
38-1,Bloc Québécois,private_members_business,uncertain_excluded,all,39,2,5.128205
38-1,Bloc Québécois,private_members_business,uncertain_excluded,contested,38,2,5.263158
38-1,Bloc Québécois,private_members_business,unknown_bill_as_government,all,39,2,5.128205
38-1,Bloc Québécois,private_members_business,unknown_bill_as_government,contested,38,2,5.263158
38-1,Bloc Québécois,procedural,category_only,all,19,1,5.263158
38-1,Bloc Québécois,procedural,category_only,contested,19,1,5.263158
38-1,Bloc Québécois,procedural,documented_free_excluded,all,19,1,5.263158
38-1,Bloc Québécois,procedural,documented_free_excluded,contested,19,1,5.263158
38-1,Bloc Québécois,procedural,uncertain_excluded,all,19,1,5.263158
38-1,Bloc Québécois,procedural,uncertain_excluded,contested,19,1,5.263158
38-1,Bloc Québécois,procedural,unknown_bill_as_government,all,19,1,5.263158
38-1,Bloc Québécois,procedural,unknown_bill_as_government,contested,19,1,5.263158
38-1,Bloc Québécois,supply,category_only,all,16,2,12.5
38-1,Bloc Québécois,supply,category_only,contested,16,2,12.5
38-1,Bloc Québécois,supply,documented_free_excluded,all,16,2,12.5
38-1,Bloc Québécois,supply,documented_free_excluded,contested,16,2,12.5
38-1,Bloc Québécois,supply,uncertain_excluded,all,16,2,12.5
38-1,Bloc Québécois,supply,uncertain_excluded,contested,16,2,12.5
38-1,Bloc Québécois,supply,unknown_bill_as_government,all,16,2,12.5
38-1,Bloc Québécois,supply,unknown_bill_as_government,contested,16,2,12.5
38-1,Conservative,appointment,category_only,all,1,0,0.0
38-1,Conservative,appointment,category_only,contested,1,0,0.0
38-1,Conservative,appointment,documented_free_excluded,all,1,0,0.0
38-1,Conservative,appointment,documented_free_excluded,contested,1,0,0.0
38-1,Conservative,appointment,uncertain_excluded,all,1,0,0.0
38-1,Conservative,appointment,uncertain_excluded,contested,1,0,0.0
38-1,Conservative,appointment,unknown_bill_as_government,all,1,0,0.0
38-1,Conservative,appointment,unknown_bill_as_government,contested,1,0,0.0
38-1,Conservative,committee_report,category_only,all,15,0,0.0
38-1,Conservative,committee_report,category_only,contested,10,0,0.0
38-1,Conservative,committee_report,documented_free_excluded,all,15,0,0.0
38-1,Conservative,committee_report,documented_free_excluded,contested,10,0,0.0
38-1,Conservative,committee_report,uncertain_excluded,all,15,0,0.0
38-1,Conservative,committee_report,uncertain_excluded,contested,10,0,0.0
38-1,Conservative,committee_report,unknown_bill_as_government,all,15,0,0.0
38-1,Conservative,committee_report,unknown_bill_as_government,contested,10,0,0.0
38-1,Conservative,government_bill,category_only,all,70,14,20.0
38-1,Conservative,government_bill,category_only,contested,69,14,20.289855
38-1,Conservative,government_bill,documented_free_excluded,all,60,4,6.666667
38-1,Conservative,government_bill,documented_free_excluded,contested,59,4,6.779661
38-1,Conservative,government_bill,uncertain_excluded,all,59,3,5.084746
38-1,Conservative,government_bill,uncertain_excluded,contested,58,3,5.172414
38-1,Conservative,government_bill,unknown_bill_as_government,all,60,4,6.666667
38-1,Conservative,government_bill,unknown_bill_as_government,contested,59,4,6.779661
38-1,Conservative,government_motion,category_only,all,3,0,0.0
38-1,Conservative,government_motion,category_only,contested,3,0,0.0
38-1,Conservative,government_motion,documented_free_excluded,all,3,0,0.0
38-1,Conservative,government_motion,documented_free_excluded,contested,3,0,0.0
38-1,Conservative,government_motion,uncertain_excluded,all,3,0,0.0
38-1,Conservative,government_motion,uncertain_excluded,contested,3,0,0.0
38-1,Conservative,government_motion,unknown_bill_as_government,all,3,0,0.0
38-1,Conservative,government_motion,unknown_bill_as_government,contested,3,0,0.0
38-1,Conservative,opposition_motion,category_only,all,27,2,7.407407
38-1,Conservative,opposition_motion,category_only,contested,25,2,8.0
38-1,Conservative,opposition_motion,documented_free_excluded,all,27,2,7.407407
38-1,Conservative,opposition_motion,documented_free_excluded,contested,25,2,8.0
38-1,Conservative,opposition_motion,uncertain_excluded,all,27,2,7.407407
38-1,Conservative,opposition_motion,uncertain_excluded,contested,25,2,8.0
38-1,Conservative,opposition_motion,unknown_bill_as_government,all,27,2,7.407407
38-1,Conservative,opposition_motion,unknown_bill_as_government,contested,25,2,8.0
38-1,Conservative,private_members_business,category_only,all,39,15,38.461538
38-1,Conservative,private_members_business,category_only,contested,38,15,39.473684
38-1,Conservative,private_members_business,documented_free_excluded,all,39,15,38.461538
38-1,Conservative,private_members_business,documented_free_excluded,contested,38,15,39.473684
38-1,Conservative,private_members_business,uncertain_excluded,all,39,15,38.461538
38-1,Conservative,private_members_business,uncertain_excluded,contested,38,15,39.473684
38-1,Conservative,private_members_business,unknown_bill_as_government,all,39,15,38.461538
38-1,Conservative,private_members_business,unknown_bill_as_government,contested,38,15,39.473684
38-1,Conservative,procedural,category_only,all,19,0,0.0
38-1,Conservative,procedural,category_only,contested,19,0,0.0
38-1,Conservative,procedural,documented_free_excluded,all,19,0,0.0
38-1,Conservative,procedural,documented_free_excluded,contested,19,0,0.0
38-1,Conservative,procedural,uncertain_excluded,all,19,0,0.0
38-1,Conservative,procedural,uncertain_excluded,contested,19,0,0.0
38-1,Conservative,procedural,unknown_bill_as_government,all,19,0,0.0
38-1,Conservative,procedural,unknown_bill_as_government,contested,19,0,0.0
38-1,Conservative,supply,category_only,all,15,0,0.0
38-1,Conservative,supply,category_only,contested,15,0,0.0
38-1,Conservative,supply,documented_free_excluded,all,15,0,0.0
38-1,Conservative,supply,documented_free_excluded,contested,15,0,0.0
38-1,Conservative,supply,uncertain_excluded,all,15,0,0.0
38-1,Conservative,supply,uncertain_excluded,contested,15,0,0.0
38-1,Conservative,supply,unknown_bill_as_government,all,15,0,0.0
38-1,Conservative,supply,unknown_bill_as_government,contested,15,0,0.0
38-1,Liberal,appointment,category_only,all,1,0,0.0
38-1,Liberal,appointment,category_only,contested,1,0,0.0
38-1,Liberal,appointment,documented_free_excluded,all,1,0,0.0
38-1,Liberal,appointment,documented_free_excluded,contested,1,0,0.0
38-1,Liberal,appointment,uncertain_excluded,all,1,0,0.0
38-1,Liberal,appointment,uncertain_excluded,contested,1,0,0.0
38-1,Liberal,appointment,unknown_bill_as_government,all,1,0,0.0
38-1,Liberal,appointment,unknown_bill_as_government,contested,1,0,0.0
38-1,Liberal,committee_report,category_only,all,15,6,40.0
38-1,Liberal,committee_report,category_only,contested,10,5,50.0
38-1,Liberal,committee_report,documented_free_excluded,all,15,6,40.0
38-1,Liberal,committee_report,documented_free_excluded,contested,10,5,50.0
38-1,Liberal,committee_report,uncertain_excluded,all,15,6,40.0
38-1,Liberal,committee_report,uncertain_excluded,contested,10,5,50.0
38-1,Liberal,committee_report,unknown_bill_as_government,all,15,6,40.0
38-1,Liberal,committee_report,unknown_bill_as_government,contested,10,5,50.0
38-1,Liberal,government_bill,category_only,all,70,19,27.142857
38-1,Liberal,government_bill,category_only,contested,69,19,27.536232
38-1,Liberal,government_bill,documented_free_excluded,all,60,9,15.0
38-1,Liberal,government_bill,documented_free_excluded,contested,59,9,15.254237
38-1,Liberal,government_bill,uncertain_excluded,all,54,3,5.555556
38-1,Liberal,government_bill,uncertain_excluded,contested,53,3,5.660377
38-1,Liberal,government_bill,unknown_bill_as_government,all,60,9,15.0
38-1,Liberal,government_bill,unknown_bill_as_government,contested,59,9,15.254237
38-1,Liberal,government_motion,category_only,all,3,2,66.666667
38-1,Liberal,government_motion,category_only,contested,3,2,66.666667
38-1,Liberal,government_motion,documented_free_excluded,all,3,2,66.666667
38-1,Liberal,government_motion,documented_free_excluded,contested,3,2,66.666667
38-1,Liberal,government_motion,uncertain_excluded,all,3,2,66.666667
38-1,Liberal,government_motion,uncertain_excluded,contested,3,2,66.666667
38-1,Liberal,government_motion,unknown_bill_as_government,all,3,2,66.666667
38-1,Liberal,government_motion,unknown_bill_as_government,contested,3,2,66.666667
38-1,Liberal,opposition_motion,category_only,all,27,10,37.037037
38-1,Liberal,opposition_motion,category_only,contested,25,10,40.0
38-1,Liberal,opposition_motion,documented_free_excluded,all,27,10,37.037037
38-1,Liberal,opposition_motion,documented_free_excluded,contested,25,10,40.0
38-1,Liberal,opposition_motion,uncertain_excluded,all,27,10,37.037037
38-1,Liberal,opposition_motion,uncertain_excluded,contested,25,10,40.0
38-1,Liberal,opposition_motion,unknown_bill_as_government,all,27,10,37.037037
38-1,Liberal,opposition_motion,unknown_bill_as_government,contested,25,10,40.0
38-1,Liberal,private_members_business,category_only,all,39,28,71.794872
38-1,Liberal,private_members_business,category_only,contested,38,28,73.684211
38-1,Liberal,private_members_business,documented_free_excluded,all,39,28,71.794872
38-1,Liberal,private_members_business,documented_free_excluded,contested,38,28,73.684211
38-1,Liberal,private_members_business,uncertain_excluded,all,39,28,71.794872
38-1,Liberal,private_members_business,uncertain_excluded,contested,38,28,73.684211
38-1,Liberal,private_members_business,unknown_bill_as_government,all,39,28,71.794872
38-1,Liberal,private_members_business,unknown_bill_as_government,contested,38,28,73.684211
38-1,Liberal,procedural,category_only,all,19,5,26.315789
38-1,Liberal,procedural,category_only,contested,19,5,26.315789
38-1,Liberal,procedural,documented_free_excluded,all,19,5,26.315789
38-1,Liberal,procedural,documented_free_excluded,contested,19,5,26.315789
38-1,Liberal,procedural,uncertain_excluded,all,19,5,26.315789
38-1,Liberal,procedural,uncertain_excluded,contested,19,5,26.315789
38-1,Liberal,procedural,unknown_bill_as_government,all,19,5,26.315789
38-1,Liberal,procedural,unknown_bill_as_government,contested,19,5,26.315789
38-1,Liberal,supply,category_only,all,16,1,6.25
38-1,Liberal,supply,category_only,contested,16,1,6.25
38-1,Liberal,supply,documented_free_excluded,all,16,1,6.25
38-1,Liberal,supply,documented_free_excluded,contested,16,1,6.25
38-1,Liberal,supply,uncertain_excluded,all,16,1,6.25
38-1,Liberal,supply,uncertain_excluded,contested,16,1,6.25
38-1,Liberal,supply,unknown_bill_as_government,all,16,1,6.25
38-1,Liberal,supply,unknown_bill_as_government,contested,16,1,6.25
38-1,NDP,appointment,category_only,all,1,0,0.0
38-1,NDP,appointment,category_only,contested,1,0,0.0
38-1,NDP,appointment,documented_free_excluded,all,1,0,0.0
38-1,NDP,appointment,documented_free_excluded,contested,1,0,0.0
38-1,NDP,appointment,uncertain_excluded,all,1,0,0.0
38-1,NDP,appointment,uncertain_excluded,contested,1,0,0.0
38-1,NDP,appointment,unknown_bill_as_government,all,1,0,0.0
38-1,NDP,appointment,unknown_bill_as_government,contested,1,0,0.0
38-1,NDP,committee_report,category_only,all,15,0,0.0
38-1,NDP,committee_report,category_only,contested,10,0,0.0
38-1,NDP,committee_report,documented_free_excluded,all,15,0,0.0
38-1,NDP,committee_report,documented_free_excluded,contested,10,0,0.0
38-1,NDP,committee_report,uncertain_excluded,all,15,0,0.0
38-1,NDP,committee_report,uncertain_excluded,contested,10,0,0.0
38-1,NDP,committee_report,unknown_bill_as_government,all,15,0,0.0
38-1,NDP,committee_report,unknown_bill_as_government,contested,10,0,0.0
38-1,NDP,government_bill,category_only,all,70,5,7.142857
38-1,NDP,government_bill,category_only,contested,69,5,7.246377
38-1,NDP,government_bill,documented_free_excluded,all,70,5,7.142857
38-1,NDP,government_bill,documented_free_excluded,contested,69,5,7.246377
38-1,NDP,government_bill,uncertain_excluded,all,70,5,7.142857
38-1,NDP,government_bill,uncertain_excluded,contested,69,5,7.246377
38-1,NDP,government_bill,unknown_bill_as_government,all,70,5,7.142857
38-1,NDP,government_bill,unknown_bill_as_government,contested,69,5,7.246377
38-1,NDP,government_motion,category_only,all,3,0,0.0
38-1,NDP,government_motion,category_only,contested,3,0,0.0
38-1,NDP,government_motion,documented_free_excluded,all,3,0,0.0
38-1,NDP,government_motion,documented_free_excluded,contested,3,0,0.0
38-1,NDP,government_motion,uncertain_excluded,all,3,0,0.0
38-1,NDP,government_motion,uncertain_excluded,contested,3,0,0.0
38-1,NDP,government_motion,unknown_bill_as_government,all,3,0,0.0
38-1,NDP,government_motion,unknown_bill_as_government,contested,3,0,0.0
38-1,NDP,opposition_motion,category_only,all,27,0,0.0
38-1,NDP,opposition_motion,category_only,contested,25,0,0.0
38-1,NDP,opposition_motion,documented_free_excluded,all,27,0,0.0
38-1,NDP,opposition_motion,documented_free_excluded,contested,25,0,0.0
38-1,NDP,opposition_motion,uncertain_excluded,all,27,0,0.0
38-1,NDP,opposition_motion,uncertain_excluded,contested,25,0,0.0
38-1,NDP,opposition_motion,unknown_bill_as_government,all,27,0,0.0
38-1,NDP,opposition_motion,unknown_bill_as_government,contested,25,0,0.0
38-1,NDP,private_members_business,category_only,all,38,6,15.789474
38-1,NDP,private_members_business,category_only,contested,37,6,16.216216
38-1,NDP,private_members_business,documented_free_excluded,all,38,6,15.789474
38-1,NDP,private_members_business,documented_free_excluded,contested,37,6,16.216216
38-1,NDP,private_members_business,uncertain_excluded,all,38,6,15.789474
38-1,NDP,private_members_business,uncertain_excluded,contested,37,6,16.216216
38-1,NDP,private_members_business,unknown_bill_as_government,all,38,6,15.789474
38-1,NDP,private_members_business,unknown_bill_as_government,contested,37,6,16.216216
38-1,NDP,procedural,category_only,all,19,0,0.0
38-1,NDP,procedural,category_only,contested,19,0,0.0
38-1,NDP,procedural,documented_free_excluded,all,19,0,0.0
38-1,NDP,procedural,documented_free_excluded,contested,19,0,0.0
38-1,NDP,procedural,uncertain_excluded,all,19,0,0.0
38-1,NDP,procedural,uncertain_excluded,contested,19,0,0.0
38-1,NDP,procedural,unknown_bill_as_government,all,19,0,0.0
38-1,NDP,procedural,unknown_bill_as_government,contested,19,0,0.0
38-1,NDP,supply,category_only,all,16,2,12.5
38-1,NDP,supply,category_only,contested,16,2,12.5
38-1,NDP,supply,documented_free_excluded,all,16,2,12.5
38-1,NDP,supply,documented_free_excluded,contested,16,2,12.5
38-1,NDP,supply,uncertain_excluded,all,16,2,12.5
38-1,NDP,supply,uncertain_excluded,contested,16,2,12.5
38-1,NDP,supply,unknown_bill_as_government,all,16,2,12.5
38-1,NDP,supply,unknown_bill_as_government,contested,16,2,12.5
39-1,Bloc Québécois,appointment,category_only,all,1,0,0.0
39-1,Bloc Québécois,appointment,category_only,contested,1,0,0.0
39-1,Bloc Québécois,appointment,documented_free_excluded,all,1,0,0.0
39-1,Bloc Québécois,appointment,documented_free_excluded,contested,1,0,0.0
39-1,Bloc Québécois,appointment,uncertain_excluded,all,1,0,0.0
39-1,Bloc Québécois,appointment,uncertain_excluded,contested,1,0,0.0
39-1,Bloc Québécois,appointment,unknown_bill_as_government,all,1,0,0.0
39-1,Bloc Québécois,appointment,unknown_bill_as_government,contested,1,0,0.0
39-1,Bloc Québécois,committee_report,category_only,all,24,0,0.0
39-1,Bloc Québécois,committee_report,category_only,contested,20,0,0.0
39-1,Bloc Québécois,committee_report,documented_free_excluded,all,24,0,0.0
39-1,Bloc Québécois,committee_report,documented_free_excluded,contested,20,0,0.0
39-1,Bloc Québécois,committee_report,uncertain_excluded,all,24,0,0.0
39-1,Bloc Québécois,committee_report,uncertain_excluded,contested,20,0,0.0
39-1,Bloc Québécois,committee_report,unknown_bill_as_government,all,24,0,0.0
39-1,Bloc Québécois,committee_report,unknown_bill_as_government,contested,20,0,0.0
39-1,Bloc Québécois,government_bill,category_only,all,74,1,1.351351
39-1,Bloc Québécois,government_bill,category_only,contested,72,1,1.388889
39-1,Bloc Québécois,government_bill,documented_free_excluded,all,74,1,1.351351
39-1,Bloc Québécois,government_bill,documented_free_excluded,contested,72,1,1.388889
39-1,Bloc Québécois,government_bill,uncertain_excluded,all,74,1,1.351351
39-1,Bloc Québécois,government_bill,uncertain_excluded,contested,72,1,1.388889
39-1,Bloc Québécois,government_bill,unknown_bill_as_government,all,74,1,1.351351
39-1,Bloc Québécois,government_bill,unknown_bill_as_government,contested,72,1,1.388889
39-1,Bloc Québécois,government_motion,category_only,all,7,0,0.0
39-1,Bloc Québécois,government_motion,category_only,contested,7,0,0.0
39-1,Bloc Québécois,government_motion,documented_free_excluded,all,7,0,0.0
39-1,Bloc Québécois,government_motion,documented_free_excluded,contested,7,0,0.0
39-1,Bloc Québécois,government_motion,uncertain_excluded,all,7,0,0.0
39-1,Bloc Québécois,government_motion,uncertain_excluded,contested,7,0,0.0
39-1,Bloc Québécois,government_motion,unknown_bill_as_government,all,7,0,0.0
39-1,Bloc Québécois,government_motion,unknown_bill_as_government,contested,7,0,0.0
39-1,Bloc Québécois,opposition_motion,category_only,all,33,0,0.0
39-1,Bloc Québécois,opposition_motion,category_only,contested,31,0,0.0
39-1,Bloc Québécois,opposition_motion,documented_free_excluded,all,33,0,0.0
39-1,Bloc Québécois,opposition_motion,documented_free_excluded,contested,31,0,0.0
39-1,Bloc Québécois,opposition_motion,uncertain_excluded,all,33,0,0.0
39-1,Bloc Québécois,opposition_motion,uncertain_excluded,contested,31,0,0.0
39-1,Bloc Québécois,opposition_motion,unknown_bill_as_government,all,33,0,0.0
39-1,Bloc Québécois,opposition_motion,unknown_bill_as_government,contested,31,0,0.0
39-1,Bloc Québécois,private_members_business,category_only,all,63,3,4.761905
39-1,Bloc Québécois,private_members_business,category_only,contested,56,3,5.357143
39-1,Bloc Québécois,private_members_business,documented_free_excluded,all,63,3,4.761905
39-1,Bloc Québécois,private_members_business,documented_free_excluded,contested,56,3,5.357143
39-1,Bloc Québécois,private_members_business,uncertain_excluded,all,63,3,4.761905
39-1,Bloc Québécois,private_members_business,uncertain_excluded,contested,56,3,5.357143
39-1,Bloc Québécois,private_members_business,unknown_bill_as_government,all,63,3,4.761905
39-1,Bloc Québécois,private_members_business,unknown_bill_as_government,contested,56,3,5.357143
39-1,Bloc Québécois,procedural,category_only,all,6,0,0.0
39-1,Bloc Québécois,procedural,category_only,contested,6,0,0.0
39-1,Bloc Québécois,procedural,documented_free_excluded,all,6,0,0.0
39-1,Bloc Québécois,procedural,documented_free_excluded,contested,6,0,0.0
39-1,Bloc Québécois,procedural,uncertain_excluded,all,6,0,0.0
39-1,Bloc Québécois,procedural,uncertain_excluded,contested,6,0,0.0
39-1,Bloc Québécois,procedural,unknown_bill_as_government,all,6,0,0.0
39-1,Bloc Québécois,procedural,unknown_bill_as_government,contested,6,0,0.0
39-1,Bloc Québécois,supply,category_only,all,11,0,0.0
39-1,Bloc Québécois,supply,category_only,contested,10,0,0.0
39-1,Bloc Québécois,supply,documented_free_excluded,all,11,0,0.0
39-1,Bloc Québécois,supply,documented_free_excluded,contested,10,0,0.0
39-1,Bloc Québécois,supply,uncertain_excluded,all,11,0,0.0
39-1,Bloc Québécois,supply,uncertain_excluded,contested,10,0,0.0
39-1,Bloc Québécois,supply,unknown_bill_as_government,all,11,0,0.0
39-1,Bloc Québécois,supply,unknown_bill_as_government,contested,10,0,0.0
39-1,Conservative,appointment,category_only,all,1,0,0.0
39-1,Conservative,appointment,category_only,contested,1,0,0.0
39-1,Conservative,appointment,documented_free_excluded,all,1,0,0.0
39-1,Conservative,appointment,documented_free_excluded,contested,1,0,0.0
39-1,Conservative,appointment,uncertain_excluded,all,1,0,0.0
39-1,Conservative,appointment,uncertain_excluded,contested,1,0,0.0
39-1,Conservative,appointment,unknown_bill_as_government,all,1,0,0.0
39-1,Conservative,appointment,unknown_bill_as_government,contested,1,0,0.0
39-1,Conservative,committee_report,category_only,all,24,1,4.166667
39-1,Conservative,committee_report,category_only,contested,20,1,5.0
39-1,Conservative,committee_report,documented_free_excluded,all,24,1,4.166667
39-1,Conservative,committee_report,documented_free_excluded,contested,20,1,5.0
39-1,Conservative,committee_report,uncertain_excluded,all,24,1,4.166667
39-1,Conservative,committee_report,uncertain_excluded,contested,20,1,5.0
39-1,Conservative,committee_report,unknown_bill_as_government,all,24,1,4.166667
39-1,Conservative,committee_report,unknown_bill_as_government,contested,20,1,5.0
39-1,Conservative,government_bill,category_only,all,74,1,1.351351
39-1,Conservative,government_bill,category_only,contested,72,1,1.388889
39-1,Conservative,government_bill,documented_free_excluded,all,74,1,1.351351
39-1,Conservative,government_bill,documented_free_excluded,contested,72,1,1.388889
39-1,Conservative,government_bill,uncertain_excluded,all,74,1,1.351351
39-1,Conservative,government_bill,uncertain_excluded,contested,72,1,1.388889
39-1,Conservative,government_bill,unknown_bill_as_government,all,74,1,1.351351
39-1,Conservative,government_bill,unknown_bill_as_government,contested,72,1,1.388889
39-1,Conservative,government_motion,category_only,all,7,1,14.285714
39-1,Conservative,government_motion,category_only,contested,7,1,14.285714
39-1,Conservative,government_motion,documented_free_excluded,all,7,1,14.285714
39-1,Conservative,government_motion,documented_free_excluded,contested,7,1,14.285714
39-1,Conservative,government_motion,uncertain_excluded,all,7,1,14.285714
39-1,Conservative,government_motion,uncertain_excluded,contested,7,1,14.285714
39-1,Conservative,government_motion,unknown_bill_as_government,all,7,1,14.285714
39-1,Conservative,government_motion,unknown_bill_as_government,contested,7,1,14.285714
39-1,Conservative,opposition_motion,category_only,all,33,0,0.0
39-1,Conservative,opposition_motion,category_only,contested,31,0,0.0
39-1,Conservative,opposition_motion,documented_free_excluded,all,33,0,0.0
39-1,Conservative,opposition_motion,documented_free_excluded,contested,31,0,0.0
39-1,Conservative,opposition_motion,uncertain_excluded,all,33,0,0.0
39-1,Conservative,opposition_motion,uncertain_excluded,contested,31,0,0.0
39-1,Conservative,opposition_motion,unknown_bill_as_government,all,33,0,0.0
39-1,Conservative,opposition_motion,unknown_bill_as_government,contested,31,0,0.0
39-1,Conservative,private_members_business,category_only,all,63,24,38.095238
39-1,Conservative,private_members_business,category_only,contested,56,23,41.071429
39-1,Conservative,private_members_business,documented_free_excluded,all,63,24,38.095238
39-1,Conservative,private_members_business,documented_free_excluded,contested,56,23,41.071429
39-1,Conservative,private_members_business,uncertain_excluded,all,63,24,38.095238
39-1,Conservative,private_members_business,uncertain_excluded,contested,56,23,41.071429
39-1,Conservative,private_members_business,unknown_bill_as_government,all,63,24,38.095238
39-1,Conservative,private_members_business,unknown_bill_as_government,contested,56,23,41.071429
39-1,Conservative,procedural,category_only,all,6,0,0.0
39-1,Conservative,procedural,category_only,contested,6,0,0.0
39-1,Conservative,procedural,documented_free_excluded,all,6,0,0.0
39-1,Conservative,procedural,documented_free_excluded,contested,6,0,0.0
39-1,Conservative,procedural,uncertain_excluded,all,6,0,0.0
39-1,Conservative,procedural,uncertain_excluded,contested,6,0,0.0
39-1,Conservative,procedural,unknown_bill_as_government,all,6,0,0.0
39-1,Conservative,procedural,unknown_bill_as_government,contested,6,0,0.0
39-1,Conservative,supply,category_only,all,11,0,0.0
39-1,Conservative,supply,category_only,contested,10,0,0.0
39-1,Conservative,supply,documented_free_excluded,all,11,0,0.0
39-1,Conservative,supply,documented_free_excluded,contested,10,0,0.0
39-1,Conservative,supply,uncertain_excluded,all,11,0,0.0
39-1,Conservative,supply,uncertain_excluded,contested,10,0,0.0
39-1,Conservative,supply,unknown_bill_as_government,all,11,0,0.0
39-1,Conservative,supply,unknown_bill_as_government,contested,10,0,0.0
39-1,Liberal,appointment,category_only,all,1,0,0.0
39-1,Liberal,appointment,category_only,contested,1,0,0.0
39-1,Liberal,appointment,documented_free_excluded,all,1,0,0.0
39-1,Liberal,appointment,documented_free_excluded,contested,1,0,0.0
39-1,Liberal,appointment,uncertain_excluded,all,1,0,0.0
39-1,Liberal,appointment,uncertain_excluded,contested,1,0,0.0
39-1,Liberal,appointment,unknown_bill_as_government,all,1,0,0.0
39-1,Liberal,appointment,unknown_bill_as_government,contested,1,0,0.0
39-1,Liberal,committee_report,category_only,all,24,2,8.333333
39-1,Liberal,committee_report,category_only,contested,20,2,10.0
39-1,Liberal,committee_report,documented_free_excluded,all,24,2,8.333333
39-1,Liberal,committee_report,documented_free_excluded,contested,20,2,10.0
39-1,Liberal,committee_report,uncertain_excluded,all,24,2,8.333333
39-1,Liberal,committee_report,uncertain_excluded,contested,20,2,10.0
39-1,Liberal,committee_report,unknown_bill_as_government,all,24,2,8.333333
39-1,Liberal,committee_report,unknown_bill_as_government,contested,20,2,10.0
39-1,Liberal,government_bill,category_only,all,74,16,21.621622
39-1,Liberal,government_bill,category_only,contested,72,16,22.222222
39-1,Liberal,government_bill,documented_free_excluded,all,74,16,21.621622
39-1,Liberal,government_bill,documented_free_excluded,contested,72,16,22.222222
39-1,Liberal,government_bill,uncertain_excluded,all,74,16,21.621622
39-1,Liberal,government_bill,uncertain_excluded,contested,72,16,22.222222
39-1,Liberal,government_bill,unknown_bill_as_government,all,74,16,21.621622
39-1,Liberal,government_bill,unknown_bill_as_government,contested,72,16,22.222222
39-1,Liberal,government_motion,category_only,all,7,6,85.714286
39-1,Liberal,government_motion,category_only,contested,7,6,85.714286
39-1,Liberal,government_motion,documented_free_excluded,all,7,6,85.714286
39-1,Liberal,government_motion,documented_free_excluded,contested,7,6,85.714286
39-1,Liberal,government_motion,uncertain_excluded,all,7,6,85.714286
39-1,Liberal,government_motion,uncertain_excluded,contested,7,6,85.714286
39-1,Liberal,government_motion,unknown_bill_as_government,all,7,6,85.714286
39-1,Liberal,government_motion,unknown_bill_as_government,contested,7,6,85.714286
39-1,Liberal,opposition_motion,category_only,all,33,2,6.060606
39-1,Liberal,opposition_motion,category_only,contested,31,2,6.451613
39-1,Liberal,opposition_motion,documented_free_excluded,all,33,2,6.060606
39-1,Liberal,opposition_motion,documented_free_excluded,contested,31,2,6.451613
39-1,Liberal,opposition_motion,uncertain_excluded,all,33,2,6.060606
39-1,Liberal,opposition_motion,uncertain_excluded,contested,31,2,6.451613
39-1,Liberal,opposition_motion,unknown_bill_as_government,all,33,2,6.060606
39-1,Liberal,opposition_motion,unknown_bill_as_government,contested,31,2,6.451613
39-1,Liberal,private_members_business,category_only,all,63,14,22.222222
39-1,Liberal,private_members_business,category_only,contested,56,13,23.214286
39-1,Liberal,private_members_business,documented_free_excluded,all,63,14,22.222222
39-1,Liberal,private_members_business,documented_free_excluded,contested,56,13,23.214286
39-1,Liberal,private_members_business,uncertain_excluded,all,63,14,22.222222
39-1,Liberal,private_members_business,uncertain_excluded,contested,56,13,23.214286
39-1,Liberal,private_members_business,unknown_bill_as_government,all,63,14,22.222222
39-1,Liberal,private_members_business,unknown_bill_as_government,contested,56,13,23.214286
39-1,Liberal,procedural,category_only,all,6,0,0.0
39-1,Liberal,procedural,category_only,contested,6,0,0.0
39-1,Liberal,procedural,documented_free_excluded,all,6,0,0.0
39-1,Liberal,procedural,documented_free_excluded,contested,6,0,0.0
39-1,Liberal,procedural,uncertain_excluded,all,6,0,0.0
39-1,Liberal,procedural,uncertain_excluded,contested,6,0,0.0
39-1,Liberal,procedural,unknown_bill_as_government,all,6,0,0.0
39-1,Liberal,procedural,unknown_bill_as_government,contested,6,0,0.0
39-1,Liberal,supply,category_only,all,11,1,9.090909
39-1,Liberal,supply,category_only,contested,10,1,10.0
39-1,Liberal,supply,documented_free_excluded,all,11,1,9.090909
39-1,Liberal,supply,documented_free_excluded,contested,10,1,10.0
39-1,Liberal,supply,uncertain_excluded,all,11,1,9.090909
39-1,Liberal,supply,uncertain_excluded,contested,10,1,10.0
39-1,Liberal,supply,unknown_bill_as_government,all,11,1,9.090909
39-1,Liberal,supply,unknown_bill_as_government,contested,10,1,10.0
39-1,NDP,appointment,category_only,all,1,0,0.0
39-1,NDP,appointment,category_only,contested,1,0,0.0
39-1,NDP,appointment,documented_free_excluded,all,1,0,0.0
39-1,NDP,appointment,documented_free_excluded,contested,1,0,0.0
39-1,NDP,appointment,uncertain_excluded,all,1,0,0.0
39-1,NDP,appointment,uncertain_excluded,contested,1,0,0.0
39-1,NDP,appointment,unknown_bill_as_government,all,1,0,0.0
39-1,NDP,appointment,unknown_bill_as_government,contested,1,0,0.0
39-1,NDP,committee_report,category_only,all,24,0,0.0
39-1,NDP,committee_report,category_only,contested,20,0,0.0
39-1,NDP,committee_report,documented_free_excluded,all,24,0,0.0
39-1,NDP,committee_report,documented_free_excluded,contested,20,0,0.0
39-1,NDP,committee_report,uncertain_excluded,all,24,0,0.0
39-1,NDP,committee_report,uncertain_excluded,contested,20,0,0.0
39-1,NDP,committee_report,unknown_bill_as_government,all,24,0,0.0
39-1,NDP,committee_report,unknown_bill_as_government,contested,20,0,0.0
39-1,NDP,government_bill,category_only,all,73,0,0.0
39-1,NDP,government_bill,category_only,contested,71,0,0.0
39-1,NDP,government_bill,documented_free_excluded,all,73,0,0.0
39-1,NDP,government_bill,documented_free_excluded,contested,71,0,0.0
39-1,NDP,government_bill,uncertain_excluded,all,73,0,0.0
39-1,NDP,government_bill,uncertain_excluded,contested,71,0,0.0
39-1,NDP,government_bill,unknown_bill_as_government,all,73,0,0.0
39-1,NDP,government_bill,unknown_bill_as_government,contested,71,0,0.0
39-1,NDP,government_motion,category_only,all,7,0,0.0
39-1,NDP,government_motion,category_only,contested,7,0,0.0
39-1,NDP,government_motion,documented_free_excluded,all,7,0,0.0
39-1,NDP,government_motion,documented_free_excluded,contested,7,0,0.0
39-1,NDP,government_motion,uncertain_excluded,all,7,0,0.0
39-1,NDP,government_motion,uncertain_excluded,contested,7,0,0.0
39-1,NDP,government_motion,unknown_bill_as_government,all,7,0,0.0
39-1,NDP,government_motion,unknown_bill_as_government,contested,7,0,0.0
39-1,NDP,opposition_motion,category_only,all,33,0,0.0
39-1,NDP,opposition_motion,category_only,contested,31,0,0.0
39-1,NDP,opposition_motion,documented_free_excluded,all,33,0,0.0
39-1,NDP,opposition_motion,documented_free_excluded,contested,31,0,0.0
39-1,NDP,opposition_motion,uncertain_excluded,all,33,0,0.0
39-1,NDP,opposition_motion,uncertain_excluded,contested,31,0,0.0
39-1,NDP,opposition_motion,unknown_bill_as_government,all,33,0,0.0
39-1,NDP,opposition_motion,unknown_bill_as_government,contested,31,0,0.0
39-1,NDP,private_members_business,category_only,all,63,4,6.349206
39-1,NDP,private_members_business,category_only,contested,56,4,7.142857
39-1,NDP,private_members_business,documented_free_excluded,all,63,4,6.349206
39-1,NDP,private_members_business,documented_free_excluded,contested,56,4,7.142857
39-1,NDP,private_members_business,uncertain_excluded,all,63,4,6.349206
39-1,NDP,private_members_business,uncertain_excluded,contested,56,4,7.142857
39-1,NDP,private_members_business,unknown_bill_as_government,all,63,4,6.349206
39-1,NDP,private_members_business,unknown_bill_as_government,contested,56,4,7.142857
39-1,NDP,procedural,category_only,all,6,0,0.0
39-1,NDP,procedural,category_only,contested,6,0,0.0
39-1,NDP,procedural,documented_free_excluded,all,6,0,0.0
39-1,NDP,procedural,documented_free_excluded,contested,6,0,0.0
39-1,NDP,procedural,uncertain_excluded,all,6,0,0.0
39-1,NDP,procedural,uncertain_excluded,contested,6,0,0.0
39-1,NDP,procedural,unknown_bill_as_government,all,6,0,0.0
39-1,NDP,procedural,unknown_bill_as_government,contested,6,0,0.0
39-1,NDP,supply,category_only,all,11,2,18.181818
39-1,NDP,supply,category_only,contested,10,1,10.0
39-1,NDP,supply,documented_free_excluded,all,11,2,18.181818
39-1,NDP,supply,documented_free_excluded,contested,10,1,10.0
39-1,NDP,supply,uncertain_excluded,all,11,2,18.181818
39-1,NDP,supply,uncertain_excluded,contested,10,1,10.0
39-1,NDP,supply,unknown_bill_as_government,all,11,2,18.181818
39-1,NDP,supply,unknown_bill_as_government,contested,10,1,10.0
39-2,Bloc Québécois,committee_report,category_only,all,11,0,0.0
39-2,Bloc Québécois,committee_report,category_only,contested,6,0,0.0
39-2,Bloc Québécois,committee_report,documented_free_excluded,all,11,0,0.0
39-2,Bloc Québécois,committee_report,documented_free_excluded,contested,6,0,0.0
39-2,Bloc Québécois,committee_report,uncertain_excluded,all,11,0,0.0
39-2,Bloc Québécois,committee_report,uncertain_excluded,contested,6,0,0.0
39-2,Bloc Québécois,committee_report,unknown_bill_as_government,all,11,0,0.0
39-2,Bloc Québécois,committee_report,unknown_bill_as_government,contested,6,0,0.0
39-2,Bloc Québécois,government_bill,category_only,all,42,0,0.0
39-2,Bloc Québécois,government_bill,category_only,contested,40,0,0.0
39-2,Bloc Québécois,government_bill,documented_free_excluded,all,42,0,0.0
39-2,Bloc Québécois,government_bill,documented_free_excluded,contested,40,0,0.0
39-2,Bloc Québécois,government_bill,uncertain_excluded,all,42,0,0.0
39-2,Bloc Québécois,government_bill,uncertain_excluded,contested,40,0,0.0
39-2,Bloc Québécois,government_bill,unknown_bill_as_government,all,42,0,0.0
39-2,Bloc Québécois,government_bill,unknown_bill_as_government,contested,40,0,0.0
39-2,Bloc Québécois,government_motion,category_only,all,4,0,0.0
39-2,Bloc Québécois,government_motion,category_only,contested,4,0,0.0
39-2,Bloc Québécois,government_motion,documented_free_excluded,all,4,0,0.0
39-2,Bloc Québécois,government_motion,documented_free_excluded,contested,4,0,0.0
39-2,Bloc Québécois,government_motion,uncertain_excluded,all,4,0,0.0
39-2,Bloc Québécois,government_motion,uncertain_excluded,contested,4,0,0.0
39-2,Bloc Québécois,government_motion,unknown_bill_as_government,all,4,0,0.0
39-2,Bloc Québécois,government_motion,unknown_bill_as_government,contested,4,0,0.0
39-2,Bloc Québécois,opposition_motion,category_only,all,16,0,0.0
39-2,Bloc Québécois,opposition_motion,category_only,contested,14,0,0.0
39-2,Bloc Québécois,opposition_motion,documented_free_excluded,all,16,0,0.0
39-2,Bloc Québécois,opposition_motion,documented_free_excluded,contested,14,0,0.0
39-2,Bloc Québécois,opposition_motion,uncertain_excluded,all,16,0,0.0
39-2,Bloc Québécois,opposition_motion,uncertain_excluded,contested,14,0,0.0
39-2,Bloc Québécois,opposition_motion,unknown_bill_as_government,all,16,0,0.0
39-2,Bloc Québécois,opposition_motion,unknown_bill_as_government,contested,14,0,0.0
39-2,Bloc Québécois,private_members_business,category_only,all,48,4,8.333333
39-2,Bloc Québécois,private_members_business,category_only,contested,43,4,9.302326
39-2,Bloc Québécois,private_members_business,documented_free_excluded,all,48,4,8.333333
39-2,Bloc Québécois,private_members_business,documented_free_excluded,contested,43,4,9.302326
39-2,Bloc Québécois,private_members_business,uncertain_excluded,all,48,4,8.333333
39-2,Bloc Québécois,private_members_business,uncertain_excluded,contested,43,4,9.302326
39-2,Bloc Québécois,private_members_business,unknown_bill_as_government,all,48,4,8.333333
39-2,Bloc Québécois,private_members_business,unknown_bill_as_government,contested,43,4,9.302326
39-2,Bloc Québécois,procedural,category_only,all,12,0,0.0
39-2,Bloc Québécois,procedural,category_only,contested,11,0,0.0
39-2,Bloc Québécois,procedural,documented_free_excluded,all,12,0,0.0
39-2,Bloc Québécois,procedural,documented_free_excluded,contested,11,0,0.0
39-2,Bloc Québécois,procedural,uncertain_excluded,all,12,0,0.0
39-2,Bloc Québécois,procedural,uncertain_excluded,contested,11,0,0.0
39-2,Bloc Québécois,procedural,unknown_bill_as_government,all,12,0,0.0
39-2,Bloc Québécois,procedural,unknown_bill_as_government,contested,11,0,0.0
39-2,Bloc Québécois,supply,category_only,all,25,0,0.0
39-2,Bloc Québécois,supply,category_only,contested,24,0,0.0
39-2,Bloc Québécois,supply,documented_free_excluded,all,25,0,0.0
39-2,Bloc Québécois,supply,documented_free_excluded,contested,24,0,0.0
39-2,Bloc Québécois,supply,uncertain_excluded,all,25,0,0.0
39-2,Bloc Québécois,supply,uncertain_excluded,contested,24,0,0.0
39-2,Bloc Québécois,supply,unknown_bill_as_government,all,25,0,0.0
39-2,Bloc Québécois,supply,unknown_bill_as_government,contested,24,0,0.0
39-2,Bloc Québécois,throne_speech,category_only,all,3,0,0.0
39-2,Bloc Québécois,throne_speech,category_only,contested,3,0,0.0
39-2,Bloc Québécois,throne_speech,documented_free_excluded,all,3,0,0.0
39-2,Bloc Québécois,throne_speech,documented_free_excluded,contested,3,0,0.0
39-2,Bloc Québécois,throne_speech,uncertain_excluded,all,3,0,0.0
39-2,Bloc Québécois,throne_speech,uncertain_excluded,contested,3,0,0.0
39-2,Bloc Québécois,throne_speech,unknown_bill_as_government,all,3,0,0.0
39-2,Bloc Québécois,throne_speech,unknown_bill_as_government,contested,3,0,0.0
39-2,Conservative,committee_report,category_only,all,11,0,0.0
39-2,Conservative,committee_report,category_only,contested,6,0,0.0
39-2,Conservative,committee_report,documented_free_excluded,all,11,0,0.0
39-2,Conservative,committee_report,documented_free_excluded,contested,6,0,0.0
39-2,Conservative,committee_report,uncertain_excluded,all,11,0,0.0
39-2,Conservative,committee_report,uncertain_excluded,contested,6,0,0.0
39-2,Conservative,committee_report,unknown_bill_as_government,all,11,0,0.0
39-2,Conservative,committee_report,unknown_bill_as_government,contested,6,0,0.0
39-2,Conservative,government_bill,category_only,all,42,1,2.380952
39-2,Conservative,government_bill,category_only,contested,40,0,0.0
39-2,Conservative,government_bill,documented_free_excluded,all,42,1,2.380952
39-2,Conservative,government_bill,documented_free_excluded,contested,40,0,0.0
39-2,Conservative,government_bill,uncertain_excluded,all,42,1,2.380952
39-2,Conservative,government_bill,uncertain_excluded,contested,40,0,0.0
39-2,Conservative,government_bill,unknown_bill_as_government,all,42,1,2.380952
39-2,Conservative,government_bill,unknown_bill_as_government,contested,40,0,0.0
39-2,Conservative,government_motion,category_only,all,4,0,0.0
39-2,Conservative,government_motion,category_only,contested,4,0,0.0
39-2,Conservative,government_motion,documented_free_excluded,all,4,0,0.0
39-2,Conservative,government_motion,documented_free_excluded,contested,4,0,0.0
39-2,Conservative,government_motion,uncertain_excluded,all,4,0,0.0
39-2,Conservative,government_motion,uncertain_excluded,contested,4,0,0.0
39-2,Conservative,government_motion,unknown_bill_as_government,all,4,0,0.0
39-2,Conservative,government_motion,unknown_bill_as_government,contested,4,0,0.0
39-2,Conservative,opposition_motion,category_only,all,16,1,6.25
39-2,Conservative,opposition_motion,category_only,contested,14,1,7.142857
39-2,Conservative,opposition_motion,documented_free_excluded,all,16,1,6.25
39-2,Conservative,opposition_motion,documented_free_excluded,contested,14,1,7.142857
39-2,Conservative,opposition_motion,uncertain_excluded,all,16,1,6.25
39-2,Conservative,opposition_motion,uncertain_excluded,contested,14,1,7.142857
39-2,Conservative,opposition_motion,unknown_bill_as_government,all,16,1,6.25
39-2,Conservative,opposition_motion,unknown_bill_as_government,contested,14,1,7.142857
39-2,Conservative,private_members_business,category_only,all,48,5,10.416667
39-2,Conservative,private_members_business,category_only,contested,43,4,9.302326
39-2,Conservative,private_members_business,documented_free_excluded,all,48,5,10.416667
39-2,Conservative,private_members_business,documented_free_excluded,contested,43,4,9.302326
39-2,Conservative,private_members_business,uncertain_excluded,all,48,5,10.416667
39-2,Conservative,private_members_business,uncertain_excluded,contested,43,4,9.302326
39-2,Conservative,private_members_business,unknown_bill_as_government,all,48,5,10.416667
39-2,Conservative,private_members_business,unknown_bill_as_government,contested,43,4,9.302326
39-2,Conservative,procedural,category_only,all,12,0,0.0
39-2,Conservative,procedural,category_only,contested,11,0,0.0
39-2,Conservative,procedural,documented_free_excluded,all,12,0,0.0
39-2,Conservative,procedural,documented_free_excluded,contested,11,0,0.0
39-2,Conservative,procedural,uncertain_excluded,all,12,0,0.0
39-2,Conservative,procedural,uncertain_excluded,contested,11,0,0.0
39-2,Conservative,procedural,unknown_bill_as_government,all,12,0,0.0
39-2,Conservative,procedural,unknown_bill_as_government,contested,11,0,0.0
39-2,Conservative,supply,category_only,all,25,0,0.0
39-2,Conservative,supply,category_only,contested,24,0,0.0
39-2,Conservative,supply,documented_free_excluded,all,25,0,0.0
39-2,Conservative,supply,documented_free_excluded,contested,24,0,0.0
39-2,Conservative,supply,uncertain_excluded,all,25,0,0.0
39-2,Conservative,supply,uncertain_excluded,contested,24,0,0.0
39-2,Conservative,supply,unknown_bill_as_government,all,25,0,0.0
39-2,Conservative,supply,unknown_bill_as_government,contested,24,0,0.0
39-2,Conservative,throne_speech,category_only,all,3,0,0.0
39-2,Conservative,throne_speech,category_only,contested,3,0,0.0
39-2,Conservative,throne_speech,documented_free_excluded,all,3,0,0.0
39-2,Conservative,throne_speech,documented_free_excluded,contested,3,0,0.0
39-2,Conservative,throne_speech,uncertain_excluded,all,3,0,0.0
39-2,Conservative,throne_speech,uncertain_excluded,contested,3,0,0.0
39-2,Conservative,throne_speech,unknown_bill_as_government,all,3,0,0.0
39-2,Conservative,throne_speech,unknown_bill_as_government,contested,3,0,0.0
39-2,Liberal,committee_report,category_only,all,11,1,9.090909
39-2,Liberal,committee_report,category_only,contested,6,0,0.0
39-2,Liberal,committee_report,documented_free_excluded,all,11,1,9.090909
39-2,Liberal,committee_report,documented_free_excluded,contested,6,0,0.0
39-2,Liberal,committee_report,uncertain_excluded,all,11,1,9.090909
39-2,Liberal,committee_report,uncertain_excluded,contested,6,0,0.0
39-2,Liberal,committee_report,unknown_bill_as_government,all,11,1,9.090909
39-2,Liberal,committee_report,unknown_bill_as_government,contested,6,0,0.0
39-2,Liberal,government_bill,category_only,all,41,3,7.317073
39-2,Liberal,government_bill,category_only,contested,39,3,7.692308
39-2,Liberal,government_bill,documented_free_excluded,all,41,3,7.317073
39-2,Liberal,government_bill,documented_free_excluded,contested,39,3,7.692308
39-2,Liberal,government_bill,uncertain_excluded,all,41,3,7.317073
39-2,Liberal,government_bill,uncertain_excluded,contested,39,3,7.692308
39-2,Liberal,government_bill,unknown_bill_as_government,all,41,3,7.317073
39-2,Liberal,government_bill,unknown_bill_as_government,contested,39,3,7.692308
39-2,Liberal,government_motion,category_only,all,3,1,33.333333
39-2,Liberal,government_motion,category_only,contested,3,1,33.333333
39-2,Liberal,government_motion,documented_free_excluded,all,3,1,33.333333
39-2,Liberal,government_motion,documented_free_excluded,contested,3,1,33.333333
39-2,Liberal,government_motion,uncertain_excluded,all,3,1,33.333333
39-2,Liberal,government_motion,uncertain_excluded,contested,3,1,33.333333
39-2,Liberal,government_motion,unknown_bill_as_government,all,3,1,33.333333
39-2,Liberal,government_motion,unknown_bill_as_government,contested,3,1,33.333333
39-2,Liberal,opposition_motion,category_only,all,15,0,0.0
39-2,Liberal,opposition_motion,category_only,contested,13,0,0.0
39-2,Liberal,opposition_motion,documented_free_excluded,all,15,0,0.0
39-2,Liberal,opposition_motion,documented_free_excluded,contested,13,0,0.0
39-2,Liberal,opposition_motion,uncertain_excluded,all,15,0,0.0
39-2,Liberal,opposition_motion,uncertain_excluded,contested,13,0,0.0
39-2,Liberal,opposition_motion,unknown_bill_as_government,all,15,0,0.0
39-2,Liberal,opposition_motion,unknown_bill_as_government,contested,13,0,0.0
39-2,Liberal,private_members_business,category_only,all,48,12,25.0
39-2,Liberal,private_members_business,category_only,contested,43,12,27.906977
39-2,Liberal,private_members_business,documented_free_excluded,all,48,12,25.0
39-2,Liberal,private_members_business,documented_free_excluded,contested,43,12,27.906977
39-2,Liberal,private_members_business,uncertain_excluded,all,48,12,25.0
39-2,Liberal,private_members_business,uncertain_excluded,contested,43,12,27.906977
39-2,Liberal,private_members_business,unknown_bill_as_government,all,48,12,25.0
39-2,Liberal,private_members_business,unknown_bill_as_government,contested,43,12,27.906977
39-2,Liberal,procedural,category_only,all,12,2,16.666667
39-2,Liberal,procedural,category_only,contested,11,2,18.181818
39-2,Liberal,procedural,documented_free_excluded,all,12,2,16.666667
39-2,Liberal,procedural,documented_free_excluded,contested,11,2,18.181818
39-2,Liberal,procedural,uncertain_excluded,all,12,2,16.666667
39-2,Liberal,procedural,uncertain_excluded,contested,11,2,18.181818
39-2,Liberal,procedural,unknown_bill_as_government,all,12,2,16.666667
39-2,Liberal,procedural,unknown_bill_as_government,contested,11,2,18.181818
39-2,Liberal,supply,category_only,all,18,0,0.0
39-2,Liberal,supply,category_only,contested,17,0,0.0
39-2,Liberal,supply,documented_free_excluded,all,18,0,0.0
39-2,Liberal,supply,documented_free_excluded,contested,17,0,0.0
39-2,Liberal,supply,uncertain_excluded,all,18,0,0.0
39-2,Liberal,supply,uncertain_excluded,contested,17,0,0.0
39-2,Liberal,supply,unknown_bill_as_government,all,18,0,0.0
39-2,Liberal,supply,unknown_bill_as_government,contested,17,0,0.0
39-2,Liberal,throne_speech,category_only,all,2,0,0.0
39-2,Liberal,throne_speech,category_only,contested,2,0,0.0
39-2,Liberal,throne_speech,documented_free_excluded,all,2,0,0.0
39-2,Liberal,throne_speech,documented_free_excluded,contested,2,0,0.0
39-2,Liberal,throne_speech,uncertain_excluded,all,2,0,0.0
39-2,Liberal,throne_speech,uncertain_excluded,contested,2,0,0.0
39-2,Liberal,throne_speech,unknown_bill_as_government,all,2,0,0.0
39-2,Liberal,throne_speech,unknown_bill_as_government,contested,2,0,0.0
39-2,NDP,committee_report,category_only,all,11,0,0.0
39-2,NDP,committee_report,category_only,contested,6,0,0.0
39-2,NDP,committee_report,documented_free_excluded,all,11,0,0.0
39-2,NDP,committee_report,documented_free_excluded,contested,6,0,0.0
39-2,NDP,committee_report,uncertain_excluded,all,11,0,0.0
39-2,NDP,committee_report,uncertain_excluded,contested,6,0,0.0
39-2,NDP,committee_report,unknown_bill_as_government,all,11,0,0.0
39-2,NDP,committee_report,unknown_bill_as_government,contested,6,0,0.0
39-2,NDP,government_bill,category_only,all,42,1,2.380952
39-2,NDP,government_bill,category_only,contested,40,0,0.0
39-2,NDP,government_bill,documented_free_excluded,all,42,1,2.380952
39-2,NDP,government_bill,documented_free_excluded,contested,40,0,0.0
39-2,NDP,government_bill,uncertain_excluded,all,42,1,2.380952
39-2,NDP,government_bill,uncertain_excluded,contested,40,0,0.0
39-2,NDP,government_bill,unknown_bill_as_government,all,42,1,2.380952
39-2,NDP,government_bill,unknown_bill_as_government,contested,40,0,0.0
39-2,NDP,government_motion,category_only,all,4,0,0.0
39-2,NDP,government_motion,category_only,contested,4,0,0.0
39-2,NDP,government_motion,documented_free_excluded,all,4,0,0.0
39-2,NDP,government_motion,documented_free_excluded,contested,4,0,0.0
39-2,NDP,government_motion,uncertain_excluded,all,4,0,0.0
39-2,NDP,government_motion,uncertain_excluded,contested,4,0,0.0
39-2,NDP,government_motion,unknown_bill_as_government,all,4,0,0.0
39-2,NDP,government_motion,unknown_bill_as_government,contested,4,0,0.0
39-2,NDP,opposition_motion,category_only,all,16,0,0.0
39-2,NDP,opposition_motion,category_only,contested,14,0,0.0
39-2,NDP,opposition_motion,documented_free_excluded,all,16,0,0.0
39-2,NDP,opposition_motion,documented_free_excluded,contested,14,0,0.0
39-2,NDP,opposition_motion,uncertain_excluded,all,16,0,0.0
39-2,NDP,opposition_motion,uncertain_excluded,contested,14,0,0.0
39-2,NDP,opposition_motion,unknown_bill_as_government,all,16,0,0.0
39-2,NDP,opposition_motion,unknown_bill_as_government,contested,14,0,0.0
39-2,NDP,private_members_business,category_only,all,48,2,4.166667
39-2,NDP,private_members_business,category_only,contested,43,2,4.651163
39-2,NDP,private_members_business,documented_free_excluded,all,48,2,4.166667
39-2,NDP,private_members_business,documented_free_excluded,contested,43,2,4.651163
39-2,NDP,private_members_business,uncertain_excluded,all,48,2,4.166667
39-2,NDP,private_members_business,uncertain_excluded,contested,43,2,4.651163
39-2,NDP,private_members_business,unknown_bill_as_government,all,48,2,4.166667
39-2,NDP,private_members_business,unknown_bill_as_government,contested,43,2,4.651163
39-2,NDP,procedural,category_only,all,12,0,0.0
39-2,NDP,procedural,category_only,contested,11,0,0.0
39-2,NDP,procedural,documented_free_excluded,all,12,0,0.0
39-2,NDP,procedural,documented_free_excluded,contested,11,0,0.0
39-2,NDP,procedural,uncertain_excluded,all,12,0,0.0
39-2,NDP,procedural,uncertain_excluded,contested,11,0,0.0
39-2,NDP,procedural,unknown_bill_as_government,all,12,0,0.0
39-2,NDP,procedural,unknown_bill_as_government,contested,11,0,0.0
39-2,NDP,supply,category_only,all,25,0,0.0
39-2,NDP,supply,category_only,contested,24,0,0.0
39-2,NDP,supply,documented_free_excluded,all,25,0,0.0
39-2,NDP,supply,documented_free_excluded,contested,24,0,0.0
39-2,NDP,supply,uncertain_excluded,all,25,0,0.0
39-2,NDP,supply,uncertain_excluded,contested,24,0,0.0
39-2,NDP,supply,unknown_bill_as_government,all,25,0,0.0
39-2,NDP,supply,unknown_bill_as_government,contested,24,0,0.0
39-2,NDP,throne_speech,category_only,all,3,0,0.0
39-2,NDP,throne_speech,category_only,contested,3,0,0.0
39-2,NDP,throne_speech,documented_free_excluded,all,3,0,0.0
39-2,NDP,throne_speech,documented_free_excluded,contested,3,0,0.0
39-2,NDP,throne_speech,uncertain_excluded,all,3,0,0.0
39-2,NDP,throne_speech,uncertain_excluded,contested,3,0,0.0
39-2,NDP,throne_speech,unknown_bill_as_government,all,3,0,0.0
39-2,NDP,throne_speech,unknown_bill_as_government,contested,3,0,0.0
40-2,Bloc Québécois,committee_report,category_only,all,4,0,0.0
40-2,Bloc Québécois,committee_report,category_only,contested,4,0,0.0
40-2,Bloc Québécois,committee_report,documented_free_excluded,all,4,0,0.0
40-2,Bloc Québécois,committee_report,documented_free_excluded,contested,4,0,0.0
40-2,Bloc Québécois,committee_report,uncertain_excluded,all,4,0,0.0
40-2,Bloc Québécois,committee_report,uncertain_excluded,contested,4,0,0.0
40-2,Bloc Québécois,committee_report,unknown_bill_as_government,all,4,0,0.0
40-2,Bloc Québécois,committee_report,unknown_bill_as_government,contested,4,0,0.0
40-2,Bloc Québécois,government_bill,category_only,all,42,0,0.0
40-2,Bloc Québécois,government_bill,category_only,contested,41,0,0.0
40-2,Bloc Québécois,government_bill,documented_free_excluded,all,42,0,0.0
40-2,Bloc Québécois,government_bill,documented_free_excluded,contested,41,0,0.0
40-2,Bloc Québécois,government_bill,uncertain_excluded,all,42,0,0.0
40-2,Bloc Québécois,government_bill,uncertain_excluded,contested,41,0,0.0
40-2,Bloc Québécois,government_bill,unknown_bill_as_government,all,42,0,0.0
40-2,Bloc Québécois,government_bill,unknown_bill_as_government,contested,41,0,0.0
40-2,Bloc Québécois,government_motion,category_only,all,2,0,0.0
40-2,Bloc Québécois,government_motion,category_only,contested,2,0,0.0
40-2,Bloc Québécois,government_motion,documented_free_excluded,all,2,0,0.0
40-2,Bloc Québécois,government_motion,documented_free_excluded,contested,2,0,0.0
40-2,Bloc Québécois,government_motion,uncertain_excluded,all,2,0,0.0
40-2,Bloc Québécois,government_motion,uncertain_excluded,contested,2,0,0.0
40-2,Bloc Québécois,government_motion,unknown_bill_as_government,all,2,0,0.0
40-2,Bloc Québécois,government_motion,unknown_bill_as_government,contested,2,0,0.0
40-2,Bloc Québécois,opposition_motion,category_only,all,22,0,0.0
40-2,Bloc Québécois,opposition_motion,category_only,contested,19,0,0.0
40-2,Bloc Québécois,opposition_motion,documented_free_excluded,all,22,0,0.0
40-2,Bloc Québécois,opposition_motion,documented_free_excluded,contested,19,0,0.0
40-2,Bloc Québécois,opposition_motion,uncertain_excluded,all,22,0,0.0
40-2,Bloc Québécois,opposition_motion,uncertain_excluded,contested,19,0,0.0
40-2,Bloc Québécois,opposition_motion,unknown_bill_as_government,all,22,0,0.0
40-2,Bloc Québécois,opposition_motion,unknown_bill_as_government,contested,19,0,0.0
40-2,Bloc Québécois,private_members_business,category_only,all,47,1,2.12766
40-2,Bloc Québécois,private_members_business,category_only,contested,43,1,2.325581
40-2,Bloc Québécois,private_members_business,documented_free_excluded,all,47,1,2.12766
40-2,Bloc Québécois,private_members_business,documented_free_excluded,contested,43,1,2.325581
40-2,Bloc Québécois,private_members_business,uncertain_excluded,all,47,1,2.12766
40-2,Bloc Québécois,private_members_business,uncertain_excluded,contested,43,1,2.325581
40-2,Bloc Québécois,private_members_business,unknown_bill_as_government,all,47,1,2.12766
40-2,Bloc Québécois,private_members_business,unknown_bill_as_government,contested,43,1,2.325581
40-2,Bloc Québécois,procedural,category_only,all,14,0,0.0
40-2,Bloc Québécois,procedural,category_only,contested,14,0,0.0
40-2,Bloc Québécois,procedural,documented_free_excluded,all,14,0,0.0
40-2,Bloc Québécois,procedural,documented_free_excluded,contested,14,0,0.0
40-2,Bloc Québécois,procedural,uncertain_excluded,all,14,0,0.0
40-2,Bloc Québécois,procedural,uncertain_excluded,contested,14,0,0.0
40-2,Bloc Québécois,procedural,unknown_bill_as_government,all,14,0,0.0
40-2,Bloc Québécois,procedural,unknown_bill_as_government,contested,14,0,0.0
40-2,Bloc Québécois,supply,category_only,all,27,0,0.0
40-2,Bloc Québécois,supply,category_only,contested,27,0,0.0
40-2,Bloc Québécois,supply,documented_free_excluded,all,27,0,0.0
40-2,Bloc Québécois,supply,documented_free_excluded,contested,27,0,0.0
40-2,Bloc Québécois,supply,uncertain_excluded,all,27,0,0.0
40-2,Bloc Québécois,supply,uncertain_excluded,contested,27,0,0.0
40-2,Bloc Québécois,supply,unknown_bill_as_government,all,27,0,0.0
40-2,Bloc Québécois,supply,unknown_bill_as_government,contested,27,0,0.0
40-2,Conservative,committee_report,category_only,all,4,0,0.0
40-2,Conservative,committee_report,category_only,contested,4,0,0.0
40-2,Conservative,committee_report,documented_free_excluded,all,4,0,0.0
40-2,Conservative,committee_report,documented_free_excluded,contested,4,0,0.0
40-2,Conservative,committee_report,uncertain_excluded,all,4,0,0.0
40-2,Conservative,committee_report,uncertain_excluded,contested,4,0,0.0
40-2,Conservative,committee_report,unknown_bill_as_government,all,4,0,0.0
40-2,Conservative,committee_report,unknown_bill_as_government,contested,4,0,0.0
40-2,Conservative,government_bill,category_only,all,42,0,0.0
40-2,Conservative,government_bill,category_only,contested,41,0,0.0
40-2,Conservative,government_bill,documented_free_excluded,all,42,0,0.0
40-2,Conservative,government_bill,documented_free_excluded,contested,41,0,0.0
40-2,Conservative,government_bill,uncertain_excluded,all,42,0,0.0
40-2,Conservative,government_bill,uncertain_excluded,contested,41,0,0.0
40-2,Conservative,government_bill,unknown_bill_as_government,all,42,0,0.0
40-2,Conservative,government_bill,unknown_bill_as_government,contested,41,0,0.0
40-2,Conservative,government_motion,category_only,all,2,0,0.0
40-2,Conservative,government_motion,category_only,contested,2,0,0.0
40-2,Conservative,government_motion,documented_free_excluded,all,2,0,0.0
40-2,Conservative,government_motion,documented_free_excluded,contested,2,0,0.0
40-2,Conservative,government_motion,uncertain_excluded,all,2,0,0.0
40-2,Conservative,government_motion,uncertain_excluded,contested,2,0,0.0
40-2,Conservative,government_motion,unknown_bill_as_government,all,2,0,0.0
40-2,Conservative,government_motion,unknown_bill_as_government,contested,2,0,0.0
40-2,Conservative,opposition_motion,category_only,all,22,0,0.0
40-2,Conservative,opposition_motion,category_only,contested,19,0,0.0
40-2,Conservative,opposition_motion,documented_free_excluded,all,22,0,0.0
40-2,Conservative,opposition_motion,documented_free_excluded,contested,19,0,0.0
40-2,Conservative,opposition_motion,uncertain_excluded,all,22,0,0.0
40-2,Conservative,opposition_motion,uncertain_excluded,contested,19,0,0.0
40-2,Conservative,opposition_motion,unknown_bill_as_government,all,22,0,0.0
40-2,Conservative,opposition_motion,unknown_bill_as_government,contested,19,0,0.0
40-2,Conservative,private_members_business,category_only,all,47,8,17.021277
40-2,Conservative,private_members_business,category_only,contested,43,8,18.604651
40-2,Conservative,private_members_business,documented_free_excluded,all,47,8,17.021277
40-2,Conservative,private_members_business,documented_free_excluded,contested,43,8,18.604651
40-2,Conservative,private_members_business,uncertain_excluded,all,47,8,17.021277
40-2,Conservative,private_members_business,uncertain_excluded,contested,43,8,18.604651
40-2,Conservative,private_members_business,unknown_bill_as_government,all,47,8,17.021277
40-2,Conservative,private_members_business,unknown_bill_as_government,contested,43,8,18.604651
40-2,Conservative,procedural,category_only,all,14,0,0.0
40-2,Conservative,procedural,category_only,contested,14,0,0.0
40-2,Conservative,procedural,documented_free_excluded,all,14,0,0.0
40-2,Conservative,procedural,documented_free_excluded,contested,14,0,0.0
40-2,Conservative,procedural,uncertain_excluded,all,14,0,0.0
40-2,Conservative,procedural,uncertain_excluded,contested,14,0,0.0
40-2,Conservative,procedural,unknown_bill_as_government,all,14,0,0.0
40-2,Conservative,procedural,unknown_bill_as_government,contested,14,0,0.0
40-2,Conservative,supply,category_only,all,27,0,0.0
40-2,Conservative,supply,category_only,contested,27,0,0.0
40-2,Conservative,supply,documented_free_excluded,all,27,0,0.0
40-2,Conservative,supply,documented_free_excluded,contested,27,0,0.0
40-2,Conservative,supply,uncertain_excluded,all,27,0,0.0
40-2,Conservative,supply,uncertain_excluded,contested,27,0,0.0
40-2,Conservative,supply,unknown_bill_as_government,all,27,0,0.0
40-2,Conservative,supply,unknown_bill_as_government,contested,27,0,0.0
40-2,Liberal,committee_report,category_only,all,4,1,25.0
40-2,Liberal,committee_report,category_only,contested,4,1,25.0
40-2,Liberal,committee_report,documented_free_excluded,all,4,1,25.0
40-2,Liberal,committee_report,documented_free_excluded,contested,4,1,25.0
40-2,Liberal,committee_report,uncertain_excluded,all,4,1,25.0
40-2,Liberal,committee_report,uncertain_excluded,contested,4,1,25.0
40-2,Liberal,committee_report,unknown_bill_as_government,all,4,1,25.0
40-2,Liberal,committee_report,unknown_bill_as_government,contested,4,1,25.0
40-2,Liberal,government_bill,category_only,all,42,1,2.380952
40-2,Liberal,government_bill,category_only,contested,41,1,2.439024
40-2,Liberal,government_bill,documented_free_excluded,all,42,1,2.380952
40-2,Liberal,government_bill,documented_free_excluded,contested,41,1,2.439024
40-2,Liberal,government_bill,uncertain_excluded,all,42,1,2.380952
40-2,Liberal,government_bill,uncertain_excluded,contested,41,1,2.439024
40-2,Liberal,government_bill,unknown_bill_as_government,all,42,1,2.380952
40-2,Liberal,government_bill,unknown_bill_as_government,contested,41,1,2.439024
40-2,Liberal,government_motion,category_only,all,2,0,0.0
40-2,Liberal,government_motion,category_only,contested,2,0,0.0
40-2,Liberal,government_motion,documented_free_excluded,all,2,0,0.0
40-2,Liberal,government_motion,documented_free_excluded,contested,2,0,0.0
40-2,Liberal,government_motion,uncertain_excluded,all,2,0,0.0
40-2,Liberal,government_motion,uncertain_excluded,contested,2,0,0.0
40-2,Liberal,government_motion,unknown_bill_as_government,all,2,0,0.0
40-2,Liberal,government_motion,unknown_bill_as_government,contested,2,0,0.0
40-2,Liberal,opposition_motion,category_only,all,21,1,4.761905
40-2,Liberal,opposition_motion,category_only,contested,18,1,5.555556
40-2,Liberal,opposition_motion,documented_free_excluded,all,21,1,4.761905
40-2,Liberal,opposition_motion,documented_free_excluded,contested,18,1,5.555556
40-2,Liberal,opposition_motion,uncertain_excluded,all,21,1,4.761905
40-2,Liberal,opposition_motion,uncertain_excluded,contested,18,1,5.555556
40-2,Liberal,opposition_motion,unknown_bill_as_government,all,21,1,4.761905
40-2,Liberal,opposition_motion,unknown_bill_as_government,contested,18,1,5.555556
40-2,Liberal,private_members_business,category_only,all,47,9,19.148936
40-2,Liberal,private_members_business,category_only,contested,43,9,20.930233
40-2,Liberal,private_members_business,documented_free_excluded,all,47,9,19.148936
40-2,Liberal,private_members_business,documented_free_excluded,contested,43,9,20.930233
40-2,Liberal,private_members_business,uncertain_excluded,all,47,9,19.148936
40-2,Liberal,private_members_business,uncertain_excluded,contested,43,9,20.930233
40-2,Liberal,private_members_business,unknown_bill_as_government,all,47,9,19.148936
40-2,Liberal,private_members_business,unknown_bill_as_government,contested,43,9,20.930233
40-2,Liberal,procedural,category_only,all,14,0,0.0
40-2,Liberal,procedural,category_only,contested,14,0,0.0
40-2,Liberal,procedural,documented_free_excluded,all,14,0,0.0
40-2,Liberal,procedural,documented_free_excluded,contested,14,0,0.0
40-2,Liberal,procedural,uncertain_excluded,all,14,0,0.0
40-2,Liberal,procedural,uncertain_excluded,contested,14,0,0.0
40-2,Liberal,procedural,unknown_bill_as_government,all,14,0,0.0
40-2,Liberal,procedural,unknown_bill_as_government,contested,14,0,0.0
40-2,Liberal,supply,category_only,all,27,1,3.703704
40-2,Liberal,supply,category_only,contested,27,1,3.703704
40-2,Liberal,supply,documented_free_excluded,all,27,1,3.703704
40-2,Liberal,supply,documented_free_excluded,contested,27,1,3.703704
40-2,Liberal,supply,uncertain_excluded,all,27,1,3.703704
40-2,Liberal,supply,uncertain_excluded,contested,27,1,3.703704
40-2,Liberal,supply,unknown_bill_as_government,all,27,1,3.703704
40-2,Liberal,supply,unknown_bill_as_government,contested,27,1,3.703704
40-2,NDP,committee_report,category_only,all,4,0,0.0
40-2,NDP,committee_report,category_only,contested,4,0,0.0
40-2,NDP,committee_report,documented_free_excluded,all,4,0,0.0
40-2,NDP,committee_report,documented_free_excluded,contested,4,0,0.0
40-2,NDP,committee_report,uncertain_excluded,all,4,0,0.0
40-2,NDP,committee_report,uncertain_excluded,contested,4,0,0.0
40-2,NDP,committee_report,unknown_bill_as_government,all,4,0,0.0
40-2,NDP,committee_report,unknown_bill_as_government,contested,4,0,0.0
40-2,NDP,government_bill,category_only,all,42,0,0.0
40-2,NDP,government_bill,category_only,contested,41,0,0.0
40-2,NDP,government_bill,documented_free_excluded,all,42,0,0.0
40-2,NDP,government_bill,documented_free_excluded,contested,41,0,0.0
40-2,NDP,government_bill,uncertain_excluded,all,42,0,0.0
40-2,NDP,government_bill,uncertain_excluded,contested,41,0,0.0
40-2,NDP,government_bill,unknown_bill_as_government,all,42,0,0.0
40-2,NDP,government_bill,unknown_bill_as_government,contested,41,0,0.0
40-2,NDP,government_motion,category_only,all,2,0,0.0
40-2,NDP,government_motion,category_only,contested,2,0,0.0
40-2,NDP,government_motion,documented_free_excluded,all,2,0,0.0
40-2,NDP,government_motion,documented_free_excluded,contested,2,0,0.0
40-2,NDP,government_motion,uncertain_excluded,all,2,0,0.0
40-2,NDP,government_motion,uncertain_excluded,contested,2,0,0.0
40-2,NDP,government_motion,unknown_bill_as_government,all,2,0,0.0
40-2,NDP,government_motion,unknown_bill_as_government,contested,2,0,0.0
40-2,NDP,opposition_motion,category_only,all,21,2,9.52381
40-2,NDP,opposition_motion,category_only,contested,18,2,11.111111
40-2,NDP,opposition_motion,documented_free_excluded,all,21,2,9.52381
40-2,NDP,opposition_motion,documented_free_excluded,contested,18,2,11.111111
40-2,NDP,opposition_motion,uncertain_excluded,all,21,2,9.52381
40-2,NDP,opposition_motion,uncertain_excluded,contested,18,2,11.111111
40-2,NDP,opposition_motion,unknown_bill_as_government,all,21,2,9.52381
40-2,NDP,opposition_motion,unknown_bill_as_government,contested,18,2,11.111111
40-2,NDP,private_members_business,category_only,all,47,4,8.510638
40-2,NDP,private_members_business,category_only,contested,43,4,9.302326
40-2,NDP,private_members_business,documented_free_excluded,all,47,4,8.510638
40-2,NDP,private_members_business,documented_free_excluded,contested,43,4,9.302326
40-2,NDP,private_members_business,uncertain_excluded,all,47,4,8.510638
40-2,NDP,private_members_business,uncertain_excluded,contested,43,4,9.302326
40-2,NDP,private_members_business,unknown_bill_as_government,all,47,4,8.510638
40-2,NDP,private_members_business,unknown_bill_as_government,contested,43,4,9.302326
40-2,NDP,procedural,category_only,all,14,0,0.0
40-2,NDP,procedural,category_only,contested,14,0,0.0
40-2,NDP,procedural,documented_free_excluded,all,14,0,0.0
40-2,NDP,procedural,documented_free_excluded,contested,14,0,0.0
40-2,NDP,procedural,uncertain_excluded,all,14,0,0.0
40-2,NDP,procedural,uncertain_excluded,contested,14,0,0.0
40-2,NDP,procedural,unknown_bill_as_government,all,14,0,0.0
40-2,NDP,procedural,unknown_bill_as_government,contested,14,0,0.0
40-2,NDP,supply,category_only,all,27,0,0.0
40-2,NDP,supply,category_only,contested,27,0,0.0
40-2,NDP,supply,documented_free_excluded,all,27,0,0.0
40-2,NDP,supply,documented_free_excluded,contested,27,0,0.0
40-2,NDP,supply,uncertain_excluded,all,27,0,0.0
40-2,NDP,supply,uncertain_excluded,contested,27,0,0.0
40-2,NDP,supply,unknown_bill_as_government,all,27,0,0.0
40-2,NDP,supply,unknown_bill_as_government,contested,27,0,0.0
40-3,Bloc Québécois,committee_report,category_only,all,15,0,0.0
40-3,Bloc Québécois,committee_report,category_only,contested,7,0,0.0
40-3,Bloc Québécois,committee_report,documented_free_excluded,all,15,0,0.0
40-3,Bloc Québécois,committee_report,documented_free_excluded,contested,7,0,0.0
40-3,Bloc Québécois,committee_report,uncertain_excluded,all,15,0,0.0
40-3,Bloc Québécois,committee_report,uncertain_excluded,contested,7,0,0.0
40-3,Bloc Québécois,committee_report,unknown_bill_as_government,all,15,0,0.0
40-3,Bloc Québécois,committee_report,unknown_bill_as_government,contested,7,0,0.0
40-3,Bloc Québécois,government_bill,category_only,all,39,0,0.0
40-3,Bloc Québécois,government_bill,category_only,contested,37,0,0.0
40-3,Bloc Québécois,government_bill,documented_free_excluded,all,39,0,0.0
40-3,Bloc Québécois,government_bill,documented_free_excluded,contested,37,0,0.0
40-3,Bloc Québécois,government_bill,uncertain_excluded,all,39,0,0.0
40-3,Bloc Québécois,government_bill,uncertain_excluded,contested,37,0,0.0
40-3,Bloc Québécois,government_bill,unknown_bill_as_government,all,39,0,0.0
40-3,Bloc Québécois,government_bill,unknown_bill_as_government,contested,37,0,0.0
40-3,Bloc Québécois,government_motion,category_only,all,1,0,0.0
40-3,Bloc Québécois,government_motion,category_only,contested,1,0,0.0
40-3,Bloc Québécois,government_motion,documented_free_excluded,all,1,0,0.0
40-3,Bloc Québécois,government_motion,documented_free_excluded,contested,1,0,0.0
40-3,Bloc Québécois,government_motion,uncertain_excluded,all,1,0,0.0
40-3,Bloc Québécois,government_motion,uncertain_excluded,contested,1,0,0.0
40-3,Bloc Québécois,government_motion,unknown_bill_as_government,all,1,0,0.0
40-3,Bloc Québécois,government_motion,unknown_bill_as_government,contested,1,0,0.0
40-3,Bloc Québécois,opposition_motion,category_only,all,30,0,0.0
40-3,Bloc Québécois,opposition_motion,category_only,contested,26,0,0.0
40-3,Bloc Québécois,opposition_motion,documented_free_excluded,all,30,0,0.0
40-3,Bloc Québécois,opposition_motion,documented_free_excluded,contested,26,0,0.0
40-3,Bloc Québécois,opposition_motion,uncertain_excluded,all,30,0,0.0
40-3,Bloc Québécois,opposition_motion,uncertain_excluded,contested,26,0,0.0
40-3,Bloc Québécois,opposition_motion,unknown_bill_as_government,all,30,0,0.0
40-3,Bloc Québécois,opposition_motion,unknown_bill_as_government,contested,26,0,0.0
40-3,Bloc Québécois,private_members_business,category_only,all,77,1,1.298701
40-3,Bloc Québécois,private_members_business,category_only,contested,70,1,1.428571
40-3,Bloc Québécois,private_members_business,documented_free_excluded,all,77,1,1.298701
40-3,Bloc Québécois,private_members_business,documented_free_excluded,contested,70,1,1.428571
40-3,Bloc Québécois,private_members_business,uncertain_excluded,all,77,1,1.298701
40-3,Bloc Québécois,private_members_business,uncertain_excluded,contested,70,1,1.428571
40-3,Bloc Québécois,private_members_business,unknown_bill_as_government,all,77,1,1.298701
40-3,Bloc Québécois,private_members_business,unknown_bill_as_government,contested,70,1,1.428571
40-3,Bloc Québécois,procedural,category_only,all,16,0,0.0
40-3,Bloc Québécois,procedural,category_only,contested,16,0,0.0
40-3,Bloc Québécois,procedural,documented_free_excluded,all,16,0,0.0
40-3,Bloc Québécois,procedural,documented_free_excluded,contested,16,0,0.0
40-3,Bloc Québécois,procedural,uncertain_excluded,all,16,0,0.0
40-3,Bloc Québécois,procedural,uncertain_excluded,contested,16,0,0.0
40-3,Bloc Québécois,procedural,unknown_bill_as_government,all,16,0,0.0
40-3,Bloc Québécois,procedural,unknown_bill_as_government,contested,16,0,0.0
40-3,Bloc Québécois,supply,category_only,all,25,0,0.0
40-3,Bloc Québécois,supply,category_only,contested,25,0,0.0
40-3,Bloc Québécois,supply,documented_free_excluded,all,25,0,0.0
40-3,Bloc Québécois,supply,documented_free_excluded,contested,25,0,0.0
40-3,Bloc Québécois,supply,uncertain_excluded,all,25,0,0.0
40-3,Bloc Québécois,supply,uncertain_excluded,contested,25,0,0.0
40-3,Bloc Québécois,supply,unknown_bill_as_government,all,25,0,0.0
40-3,Bloc Québécois,supply,unknown_bill_as_government,contested,25,0,0.0
40-3,Bloc Québécois,throne_speech,category_only,all,1,0,0.0
40-3,Bloc Québécois,throne_speech,category_only,contested,1,0,0.0
40-3,Bloc Québécois,throne_speech,documented_free_excluded,all,1,0,0.0
40-3,Bloc Québécois,throne_speech,documented_free_excluded,contested,1,0,0.0
40-3,Bloc Québécois,throne_speech,uncertain_excluded,all,1,0,0.0
40-3,Bloc Québécois,throne_speech,uncertain_excluded,contested,1,0,0.0
40-3,Bloc Québécois,throne_speech,unknown_bill_as_government,all,1,0,0.0
40-3,Bloc Québécois,throne_speech,unknown_bill_as_government,contested,1,0,0.0
40-3,Conservative,committee_report,category_only,all,15,0,0.0
40-3,Conservative,committee_report,category_only,contested,7,0,0.0
40-3,Conservative,committee_report,documented_free_excluded,all,15,0,0.0
40-3,Conservative,committee_report,documented_free_excluded,contested,7,0,0.0
40-3,Conservative,committee_report,uncertain_excluded,all,15,0,0.0
40-3,Conservative,committee_report,uncertain_excluded,contested,7,0,0.0
40-3,Conservative,committee_report,unknown_bill_as_government,all,15,0,0.0
40-3,Conservative,committee_report,unknown_bill_as_government,contested,7,0,0.0
40-3,Conservative,government_bill,category_only,all,39,0,0.0
40-3,Conservative,government_bill,category_only,contested,37,0,0.0
40-3,Conservative,government_bill,documented_free_excluded,all,39,0,0.0
40-3,Conservative,government_bill,documented_free_excluded,contested,37,0,0.0
40-3,Conservative,government_bill,uncertain_excluded,all,39,0,0.0
40-3,Conservative,government_bill,uncertain_excluded,contested,37,0,0.0
40-3,Conservative,government_bill,unknown_bill_as_government,all,39,0,0.0
40-3,Conservative,government_bill,unknown_bill_as_government,contested,37,0,0.0
40-3,Conservative,government_motion,category_only,all,1,0,0.0
40-3,Conservative,government_motion,category_only,contested,1,0,0.0
40-3,Conservative,government_motion,documented_free_excluded,all,1,0,0.0
40-3,Conservative,government_motion,documented_free_excluded,contested,1,0,0.0
40-3,Conservative,government_motion,uncertain_excluded,all,1,0,0.0
40-3,Conservative,government_motion,uncertain_excluded,contested,1,0,0.0
40-3,Conservative,government_motion,unknown_bill_as_government,all,1,0,0.0
40-3,Conservative,government_motion,unknown_bill_as_government,contested,1,0,0.0
40-3,Conservative,opposition_motion,category_only,all,30,0,0.0
40-3,Conservative,opposition_motion,category_only,contested,26,0,0.0
40-3,Conservative,opposition_motion,documented_free_excluded,all,30,0,0.0
40-3,Conservative,opposition_motion,documented_free_excluded,contested,26,0,0.0
40-3,Conservative,opposition_motion,uncertain_excluded,all,30,0,0.0
40-3,Conservative,opposition_motion,uncertain_excluded,contested,26,0,0.0
40-3,Conservative,opposition_motion,unknown_bill_as_government,all,30,0,0.0
40-3,Conservative,opposition_motion,unknown_bill_as_government,contested,26,0,0.0
40-3,Conservative,private_members_business,category_only,all,77,16,20.779221
40-3,Conservative,private_members_business,category_only,contested,70,15,21.428571
40-3,Conservative,private_members_business,documented_free_excluded,all,77,16,20.779221
40-3,Conservative,private_members_business,documented_free_excluded,contested,70,15,21.428571
40-3,Conservative,private_members_business,uncertain_excluded,all,77,16,20.779221
40-3,Conservative,private_members_business,uncertain_excluded,contested,70,15,21.428571
40-3,Conservative,private_members_business,unknown_bill_as_government,all,77,16,20.779221
40-3,Conservative,private_members_business,unknown_bill_as_government,contested,70,15,21.428571
40-3,Conservative,procedural,category_only,all,16,0,0.0
40-3,Conservative,procedural,category_only,contested,16,0,0.0
40-3,Conservative,procedural,documented_free_excluded,all,16,0,0.0
40-3,Conservative,procedural,documented_free_excluded,contested,16,0,0.0
40-3,Conservative,procedural,uncertain_excluded,all,16,0,0.0
40-3,Conservative,procedural,uncertain_excluded,contested,16,0,0.0
40-3,Conservative,procedural,unknown_bill_as_government,all,16,0,0.0
40-3,Conservative,procedural,unknown_bill_as_government,contested,16,0,0.0
40-3,Conservative,supply,category_only,all,25,0,0.0
40-3,Conservative,supply,category_only,contested,25,0,0.0
40-3,Conservative,supply,documented_free_excluded,all,25,0,0.0
40-3,Conservative,supply,documented_free_excluded,contested,25,0,0.0
40-3,Conservative,supply,uncertain_excluded,all,25,0,0.0
40-3,Conservative,supply,uncertain_excluded,contested,25,0,0.0
40-3,Conservative,supply,unknown_bill_as_government,all,25,0,0.0
40-3,Conservative,supply,unknown_bill_as_government,contested,25,0,0.0
40-3,Conservative,throne_speech,category_only,all,1,0,0.0
40-3,Conservative,throne_speech,category_only,contested,1,0,0.0
40-3,Conservative,throne_speech,documented_free_excluded,all,1,0,0.0
40-3,Conservative,throne_speech,documented_free_excluded,contested,1,0,0.0
40-3,Conservative,throne_speech,uncertain_excluded,all,1,0,0.0
40-3,Conservative,throne_speech,uncertain_excluded,contested,1,0,0.0
40-3,Conservative,throne_speech,unknown_bill_as_government,all,1,0,0.0
40-3,Conservative,throne_speech,unknown_bill_as_government,contested,1,0,0.0
40-3,Liberal,committee_report,category_only,all,15,0,0.0
40-3,Liberal,committee_report,category_only,contested,7,0,0.0
40-3,Liberal,committee_report,documented_free_excluded,all,15,0,0.0
40-3,Liberal,committee_report,documented_free_excluded,contested,7,0,0.0
40-3,Liberal,committee_report,uncertain_excluded,all,15,0,0.0
40-3,Liberal,committee_report,uncertain_excluded,contested,7,0,0.0
40-3,Liberal,committee_report,unknown_bill_as_government,all,15,0,0.0
40-3,Liberal,committee_report,unknown_bill_as_government,contested,7,0,0.0
40-3,Liberal,government_bill,category_only,all,39,2,5.128205
40-3,Liberal,government_bill,category_only,contested,37,2,5.405405
40-3,Liberal,government_bill,documented_free_excluded,all,39,2,5.128205
40-3,Liberal,government_bill,documented_free_excluded,contested,37,2,5.405405
40-3,Liberal,government_bill,uncertain_excluded,all,39,2,5.128205
40-3,Liberal,government_bill,uncertain_excluded,contested,37,2,5.405405
40-3,Liberal,government_bill,unknown_bill_as_government,all,39,2,5.128205
40-3,Liberal,government_bill,unknown_bill_as_government,contested,37,2,5.405405
40-3,Liberal,government_motion,category_only,all,1,0,0.0
40-3,Liberal,government_motion,category_only,contested,1,0,0.0
40-3,Liberal,government_motion,documented_free_excluded,all,1,0,0.0
40-3,Liberal,government_motion,documented_free_excluded,contested,1,0,0.0
40-3,Liberal,government_motion,uncertain_excluded,all,1,0,0.0
40-3,Liberal,government_motion,uncertain_excluded,contested,1,0,0.0
40-3,Liberal,government_motion,unknown_bill_as_government,all,1,0,0.0
40-3,Liberal,government_motion,unknown_bill_as_government,contested,1,0,0.0
40-3,Liberal,opposition_motion,category_only,all,30,1,3.333333
40-3,Liberal,opposition_motion,category_only,contested,26,1,3.846154
40-3,Liberal,opposition_motion,documented_free_excluded,all,30,1,3.333333
40-3,Liberal,opposition_motion,documented_free_excluded,contested,26,1,3.846154
40-3,Liberal,opposition_motion,uncertain_excluded,all,30,1,3.333333
40-3,Liberal,opposition_motion,uncertain_excluded,contested,26,1,3.846154
40-3,Liberal,opposition_motion,unknown_bill_as_government,all,30,1,3.333333
40-3,Liberal,opposition_motion,unknown_bill_as_government,contested,26,1,3.846154
40-3,Liberal,private_members_business,category_only,all,77,25,32.467532
40-3,Liberal,private_members_business,category_only,contested,70,24,34.285714
40-3,Liberal,private_members_business,documented_free_excluded,all,77,25,32.467532
40-3,Liberal,private_members_business,documented_free_excluded,contested,70,24,34.285714
40-3,Liberal,private_members_business,uncertain_excluded,all,77,25,32.467532
40-3,Liberal,private_members_business,uncertain_excluded,contested,70,24,34.285714
40-3,Liberal,private_members_business,unknown_bill_as_government,all,77,25,32.467532
40-3,Liberal,private_members_business,unknown_bill_as_government,contested,70,24,34.285714
40-3,Liberal,procedural,category_only,all,16,0,0.0
40-3,Liberal,procedural,category_only,contested,16,0,0.0
40-3,Liberal,procedural,documented_free_excluded,all,16,0,0.0
40-3,Liberal,procedural,documented_free_excluded,contested,16,0,0.0
40-3,Liberal,procedural,uncertain_excluded,all,16,0,0.0
40-3,Liberal,procedural,uncertain_excluded,contested,16,0,0.0
40-3,Liberal,procedural,unknown_bill_as_government,all,16,0,0.0
40-3,Liberal,procedural,unknown_bill_as_government,contested,16,0,0.0
40-3,Liberal,supply,category_only,all,25,0,0.0
40-3,Liberal,supply,category_only,contested,25,0,0.0
40-3,Liberal,supply,documented_free_excluded,all,25,0,0.0
40-3,Liberal,supply,documented_free_excluded,contested,25,0,0.0
40-3,Liberal,supply,uncertain_excluded,all,25,0,0.0
40-3,Liberal,supply,uncertain_excluded,contested,25,0,0.0
40-3,Liberal,supply,unknown_bill_as_government,all,25,0,0.0
40-3,Liberal,supply,unknown_bill_as_government,contested,25,0,0.0
40-3,Liberal,throne_speech,category_only,all,1,0,0.0
40-3,Liberal,throne_speech,category_only,contested,1,0,0.0
40-3,Liberal,throne_speech,documented_free_excluded,all,1,0,0.0
40-3,Liberal,throne_speech,documented_free_excluded,contested,1,0,0.0
40-3,Liberal,throne_speech,uncertain_excluded,all,1,0,0.0
40-3,Liberal,throne_speech,uncertain_excluded,contested,1,0,0.0
40-3,Liberal,throne_speech,unknown_bill_as_government,all,1,0,0.0
40-3,Liberal,throne_speech,unknown_bill_as_government,contested,1,0,0.0
40-3,NDP,committee_report,category_only,all,15,1,6.666667
40-3,NDP,committee_report,category_only,contested,7,1,14.285714
40-3,NDP,committee_report,documented_free_excluded,all,15,1,6.666667
40-3,NDP,committee_report,documented_free_excluded,contested,7,1,14.285714
40-3,NDP,committee_report,uncertain_excluded,all,15,1,6.666667
40-3,NDP,committee_report,uncertain_excluded,contested,7,1,14.285714
40-3,NDP,committee_report,unknown_bill_as_government,all,15,1,6.666667
40-3,NDP,committee_report,unknown_bill_as_government,contested,7,1,14.285714
40-3,NDP,government_bill,category_only,all,39,0,0.0
40-3,NDP,government_bill,category_only,contested,37,0,0.0
40-3,NDP,government_bill,documented_free_excluded,all,39,0,0.0
40-3,NDP,government_bill,documented_free_excluded,contested,37,0,0.0
40-3,NDP,government_bill,uncertain_excluded,all,39,0,0.0
40-3,NDP,government_bill,uncertain_excluded,contested,37,0,0.0
40-3,NDP,government_bill,unknown_bill_as_government,all,39,0,0.0
40-3,NDP,government_bill,unknown_bill_as_government,contested,37,0,0.0
40-3,NDP,government_motion,category_only,all,1,0,0.0
40-3,NDP,government_motion,category_only,contested,1,0,0.0
40-3,NDP,government_motion,documented_free_excluded,all,1,0,0.0
40-3,NDP,government_motion,documented_free_excluded,contested,1,0,0.0
40-3,NDP,government_motion,uncertain_excluded,all,1,0,0.0
40-3,NDP,government_motion,uncertain_excluded,contested,1,0,0.0
40-3,NDP,government_motion,unknown_bill_as_government,all,1,0,0.0
40-3,NDP,government_motion,unknown_bill_as_government,contested,1,0,0.0
40-3,NDP,opposition_motion,category_only,all,27,1,3.703704
40-3,NDP,opposition_motion,category_only,contested,23,1,4.347826
40-3,NDP,opposition_motion,documented_free_excluded,all,27,1,3.703704
40-3,NDP,opposition_motion,documented_free_excluded,contested,23,1,4.347826
40-3,NDP,opposition_motion,uncertain_excluded,all,27,1,3.703704
40-3,NDP,opposition_motion,uncertain_excluded,contested,23,1,4.347826
40-3,NDP,opposition_motion,unknown_bill_as_government,all,27,1,3.703704
40-3,NDP,opposition_motion,unknown_bill_as_government,contested,23,1,4.347826
40-3,NDP,private_members_business,category_only,all,77,4,5.194805
40-3,NDP,private_members_business,category_only,contested,70,4,5.714286
40-3,NDP,private_members_business,documented_free_excluded,all,77,4,5.194805
40-3,NDP,private_members_business,documented_free_excluded,contested,70,4,5.714286
40-3,NDP,private_members_business,uncertain_excluded,all,77,4,5.194805
40-3,NDP,private_members_business,uncertain_excluded,contested,70,4,5.714286
40-3,NDP,private_members_business,unknown_bill_as_government,all,77,4,5.194805
40-3,NDP,private_members_business,unknown_bill_as_government,contested,70,4,5.714286
40-3,NDP,procedural,category_only,all,16,0,0.0
40-3,NDP,procedural,category_only,contested,16,0,0.0
40-3,NDP,procedural,documented_free_excluded,all,16,0,0.0
40-3,NDP,procedural,documented_free_excluded,contested,16,0,0.0
40-3,NDP,procedural,uncertain_excluded,all,16,0,0.0
40-3,NDP,procedural,uncertain_excluded,contested,16,0,0.0
40-3,NDP,procedural,unknown_bill_as_government,all,16,0,0.0
40-3,NDP,procedural,unknown_bill_as_government,contested,16,0,0.0
40-3,NDP,supply,category_only,all,25,0,0.0
40-3,NDP,supply,category_only,contested,25,0,0.0
40-3,NDP,supply,documented_free_excluded,all,25,0,0.0
40-3,NDP,supply,documented_free_excluded,contested,25,0,0.0
40-3,NDP,supply,uncertain_excluded,all,25,0,0.0
40-3,NDP,supply,uncertain_excluded,contested,25,0,0.0
40-3,NDP,supply,unknown_bill_as_government,all,25,0,0.0
40-3,NDP,supply,unknown_bill_as_government,contested,25,0,0.0
40-3,NDP,throne_speech,category_only,all,1,0,0.0
40-3,NDP,throne_speech,category_only,contested,1,0,0.0
40-3,NDP,throne_speech,documented_free_excluded,all,1,0,0.0
40-3,NDP,throne_speech,documented_free_excluded,contested,1,0,0.0
40-3,NDP,throne_speech,uncertain_excluded,all,1,0,0.0
40-3,NDP,throne_speech,uncertain_excluded,contested,1,0,0.0
40-3,NDP,throne_speech,unknown_bill_as_government,all,1,0,0.0
40-3,NDP,throne_speech,unknown_bill_as_government,contested,1,0,0.0
41-1,Bloc Québécois,appointment,category_only,all,1,0,0.0
41-1,Bloc Québécois,appointment,category_only,contested,1,0,0.0
41-1,Bloc Québécois,appointment,documented_free_excluded,all,1,0,0.0
41-1,Bloc Québécois,appointment,documented_free_excluded,contested,1,0,0.0
41-1,Bloc Québécois,appointment,uncertain_excluded,all,1,0,0.0
41-1,Bloc Québécois,appointment,uncertain_excluded,contested,1,0,0.0
41-1,Bloc Québécois,appointment,unknown_bill_as_government,all,1,0,0.0
41-1,Bloc Québécois,appointment,unknown_bill_as_government,contested,1,0,0.0
41-1,Bloc Québécois,committee_report,category_only,all,6,0,0.0
41-1,Bloc Québécois,committee_report,category_only,contested,3,0,0.0
41-1,Bloc Québécois,committee_report,documented_free_excluded,all,6,0,0.0
41-1,Bloc Québécois,committee_report,documented_free_excluded,contested,3,0,0.0
41-1,Bloc Québécois,committee_report,uncertain_excluded,all,6,0,0.0
41-1,Bloc Québécois,committee_report,uncertain_excluded,contested,3,0,0.0
41-1,Bloc Québécois,committee_report,unknown_bill_as_government,all,6,0,0.0
41-1,Bloc Québécois,committee_report,unknown_bill_as_government,contested,3,0,0.0
41-1,Bloc Québécois,government_bill,category_only,all,410,0,0.0
41-1,Bloc Québécois,government_bill,category_only,contested,380,0,0.0
41-1,Bloc Québécois,government_bill,documented_free_excluded,all,410,0,0.0
41-1,Bloc Québécois,government_bill,documented_free_excluded,contested,380,0,0.0
41-1,Bloc Québécois,government_bill,uncertain_excluded,all,410,0,0.0
41-1,Bloc Québécois,government_bill,uncertain_excluded,contested,380,0,0.0
41-1,Bloc Québécois,government_bill,unknown_bill_as_government,all,410,0,0.0
41-1,Bloc Québécois,government_bill,unknown_bill_as_government,contested,380,0,0.0
41-1,Bloc Québécois,government_motion,category_only,all,8,0,0.0
41-1,Bloc Québécois,government_motion,category_only,contested,5,0,0.0
41-1,Bloc Québécois,government_motion,documented_free_excluded,all,8,0,0.0
41-1,Bloc Québécois,government_motion,documented_free_excluded,contested,5,0,0.0
41-1,Bloc Québécois,government_motion,uncertain_excluded,all,8,0,0.0
41-1,Bloc Québécois,government_motion,uncertain_excluded,contested,5,0,0.0
41-1,Bloc Québécois,government_motion,unknown_bill_as_government,all,8,0,0.0
41-1,Bloc Québécois,government_motion,unknown_bill_as_government,contested,5,0,0.0
41-1,Bloc Québécois,opposition_motion,category_only,all,48,0,0.0
41-1,Bloc Québécois,opposition_motion,category_only,contested,35,0,0.0
41-1,Bloc Québécois,opposition_motion,documented_free_excluded,all,48,0,0.0
41-1,Bloc Québécois,opposition_motion,documented_free_excluded,contested,35,0,0.0
41-1,Bloc Québécois,opposition_motion,uncertain_excluded,all,48,0,0.0
41-1,Bloc Québécois,opposition_motion,uncertain_excluded,contested,35,0,0.0
41-1,Bloc Québécois,opposition_motion,unknown_bill_as_government,all,48,0,0.0
41-1,Bloc Québécois,opposition_motion,unknown_bill_as_government,contested,35,0,0.0
41-1,Bloc Québécois,private_members_business,category_only,all,112,0,0.0
41-1,Bloc Québécois,private_members_business,category_only,contested,81,0,0.0
41-1,Bloc Québécois,private_members_business,documented_free_excluded,all,112,0,0.0
41-1,Bloc Québécois,private_members_business,documented_free_excluded,contested,81,0,0.0
41-1,Bloc Québécois,private_members_business,uncertain_excluded,all,112,0,0.0
41-1,Bloc Québécois,private_members_business,uncertain_excluded,contested,81,0,0.0
41-1,Bloc Québécois,private_members_business,unknown_bill_as_government,all,112,0,0.0
41-1,Bloc Québécois,private_members_business,unknown_bill_as_government,contested,81,0,0.0
41-1,Bloc Québécois,procedural,category_only,all,96,0,0.0
41-1,Bloc Québécois,procedural,category_only,contested,95,0,0.0
41-1,Bloc Québécois,procedural,documented_free_excluded,all,96,0,0.0
41-1,Bloc Québécois,procedural,documented_free_excluded,contested,95,0,0.0
41-1,Bloc Québécois,procedural,uncertain_excluded,all,96,0,0.0
41-1,Bloc Québécois,procedural,uncertain_excluded,contested,95,0,0.0
41-1,Bloc Québécois,procedural,unknown_bill_as_government,all,96,0,0.0
41-1,Bloc Québécois,procedural,unknown_bill_as_government,contested,95,0,0.0
41-1,Bloc Québécois,supply,category_only,all,73,0,0.0
41-1,Bloc Québécois,supply,category_only,contested,72,0,0.0
41-1,Bloc Québécois,supply,documented_free_excluded,all,73,0,0.0
41-1,Bloc Québécois,supply,documented_free_excluded,contested,72,0,0.0
41-1,Bloc Québécois,supply,uncertain_excluded,all,73,0,0.0
41-1,Bloc Québécois,supply,uncertain_excluded,contested,72,0,0.0
41-1,Bloc Québécois,supply,unknown_bill_as_government,all,73,0,0.0
41-1,Bloc Québécois,supply,unknown_bill_as_government,contested,72,0,0.0
41-1,Conservative,appointment,category_only,all,1,0,0.0
41-1,Conservative,appointment,category_only,contested,1,0,0.0
41-1,Conservative,appointment,documented_free_excluded,all,1,0,0.0
41-1,Conservative,appointment,documented_free_excluded,contested,1,0,0.0
41-1,Conservative,appointment,uncertain_excluded,all,1,0,0.0
41-1,Conservative,appointment,uncertain_excluded,contested,1,0,0.0
41-1,Conservative,appointment,unknown_bill_as_government,all,1,0,0.0
41-1,Conservative,appointment,unknown_bill_as_government,contested,1,0,0.0
41-1,Conservative,committee_report,category_only,all,6,1,16.666667
41-1,Conservative,committee_report,category_only,contested,3,1,33.333333
41-1,Conservative,committee_report,documented_free_excluded,all,6,1,16.666667
41-1,Conservative,committee_report,documented_free_excluded,contested,3,1,33.333333
41-1,Conservative,committee_report,uncertain_excluded,all,6,1,16.666667
41-1,Conservative,committee_report,uncertain_excluded,contested,3,1,33.333333
41-1,Conservative,committee_report,unknown_bill_as_government,all,6,1,16.666667
41-1,Conservative,committee_report,unknown_bill_as_government,contested,3,1,33.333333
41-1,Conservative,government_bill,category_only,all,412,0,0.0
41-1,Conservative,government_bill,category_only,contested,382,0,0.0
41-1,Conservative,government_bill,documented_free_excluded,all,412,0,0.0
41-1,Conservative,government_bill,documented_free_excluded,contested,382,0,0.0
41-1,Conservative,government_bill,uncertain_excluded,all,412,0,0.0
41-1,Conservative,government_bill,uncertain_excluded,contested,382,0,0.0
41-1,Conservative,government_bill,unknown_bill_as_government,all,412,0,0.0
41-1,Conservative,government_bill,unknown_bill_as_government,contested,382,0,0.0
41-1,Conservative,government_motion,category_only,all,8,0,0.0
41-1,Conservative,government_motion,category_only,contested,5,0,0.0
41-1,Conservative,government_motion,documented_free_excluded,all,8,0,0.0
41-1,Conservative,government_motion,documented_free_excluded,contested,5,0,0.0
41-1,Conservative,government_motion,uncertain_excluded,all,8,0,0.0
41-1,Conservative,government_motion,uncertain_excluded,contested,5,0,0.0
41-1,Conservative,government_motion,unknown_bill_as_government,all,8,0,0.0
41-1,Conservative,government_motion,unknown_bill_as_government,contested,5,0,0.0
41-1,Conservative,opposition_motion,category_only,all,48,0,0.0
41-1,Conservative,opposition_motion,category_only,contested,35,0,0.0
41-1,Conservative,opposition_motion,documented_free_excluded,all,48,0,0.0
41-1,Conservative,opposition_motion,documented_free_excluded,contested,35,0,0.0
41-1,Conservative,opposition_motion,uncertain_excluded,all,48,0,0.0
41-1,Conservative,opposition_motion,uncertain_excluded,contested,35,0,0.0
41-1,Conservative,opposition_motion,unknown_bill_as_government,all,48,0,0.0
41-1,Conservative,opposition_motion,unknown_bill_as_government,contested,35,0,0.0
41-1,Conservative,private_members_business,category_only,all,112,25,22.321429
41-1,Conservative,private_members_business,category_only,contested,81,23,28.395062
41-1,Conservative,private_members_business,documented_free_excluded,all,112,25,22.321429
41-1,Conservative,private_members_business,documented_free_excluded,contested,81,23,28.395062
41-1,Conservative,private_members_business,uncertain_excluded,all,112,25,22.321429
41-1,Conservative,private_members_business,uncertain_excluded,contested,81,23,28.395062
41-1,Conservative,private_members_business,unknown_bill_as_government,all,112,25,22.321429
41-1,Conservative,private_members_business,unknown_bill_as_government,contested,81,23,28.395062
41-1,Conservative,procedural,category_only,all,100,0,0.0
41-1,Conservative,procedural,category_only,contested,98,0,0.0
41-1,Conservative,procedural,documented_free_excluded,all,100,0,0.0
41-1,Conservative,procedural,documented_free_excluded,contested,98,0,0.0
41-1,Conservative,procedural,uncertain_excluded,all,100,0,0.0
41-1,Conservative,procedural,uncertain_excluded,contested,98,0,0.0
41-1,Conservative,procedural,unknown_bill_as_government,all,100,0,0.0
41-1,Conservative,procedural,unknown_bill_as_government,contested,98,0,0.0
41-1,Conservative,supply,category_only,all,73,0,0.0
41-1,Conservative,supply,category_only,contested,72,0,0.0
41-1,Conservative,supply,documented_free_excluded,all,73,0,0.0
41-1,Conservative,supply,documented_free_excluded,contested,72,0,0.0
41-1,Conservative,supply,uncertain_excluded,all,73,0,0.0
41-1,Conservative,supply,uncertain_excluded,contested,72,0,0.0
41-1,Conservative,supply,unknown_bill_as_government,all,73,0,0.0
41-1,Conservative,supply,unknown_bill_as_government,contested,72,0,0.0
41-1,Green Party,appointment,category_only,all,1,0,0.0
41-1,Green Party,appointment,category_only,contested,1,0,0.0
41-1,Green Party,appointment,documented_free_excluded,all,1,0,0.0
41-1,Green Party,appointment,documented_free_excluded,contested,1,0,0.0
41-1,Green Party,appointment,uncertain_excluded,all,1,0,0.0
41-1,Green Party,appointment,uncertain_excluded,contested,1,0,0.0
41-1,Green Party,appointment,unknown_bill_as_government,all,1,0,0.0
41-1,Green Party,appointment,unknown_bill_as_government,contested,1,0,0.0
41-1,Green Party,committee_report,category_only,all,6,0,0.0
41-1,Green Party,committee_report,category_only,contested,3,0,0.0
41-1,Green Party,committee_report,documented_free_excluded,all,6,0,0.0
41-1,Green Party,committee_report,documented_free_excluded,contested,3,0,0.0
41-1,Green Party,committee_report,uncertain_excluded,all,6,0,0.0
41-1,Green Party,committee_report,uncertain_excluded,contested,3,0,0.0
41-1,Green Party,committee_report,unknown_bill_as_government,all,6,0,0.0
41-1,Green Party,committee_report,unknown_bill_as_government,contested,3,0,0.0
41-1,Green Party,government_bill,category_only,all,402,0,0.0
41-1,Green Party,government_bill,category_only,contested,372,0,0.0
41-1,Green Party,government_bill,documented_free_excluded,all,402,0,0.0
41-1,Green Party,government_bill,documented_free_excluded,contested,372,0,0.0
41-1,Green Party,government_bill,uncertain_excluded,all,402,0,0.0
41-1,Green Party,government_bill,uncertain_excluded,contested,372,0,0.0
41-1,Green Party,government_bill,unknown_bill_as_government,all,402,0,0.0
41-1,Green Party,government_bill,unknown_bill_as_government,contested,372,0,0.0
41-1,Green Party,government_motion,category_only,all,8,0,0.0
41-1,Green Party,government_motion,category_only,contested,5,0,0.0
41-1,Green Party,government_motion,documented_free_excluded,all,8,0,0.0
41-1,Green Party,government_motion,documented_free_excluded,contested,5,0,0.0
41-1,Green Party,government_motion,uncertain_excluded,all,8,0,0.0
41-1,Green Party,government_motion,uncertain_excluded,contested,5,0,0.0
41-1,Green Party,government_motion,unknown_bill_as_government,all,8,0,0.0
41-1,Green Party,government_motion,unknown_bill_as_government,contested,5,0,0.0
41-1,Green Party,opposition_motion,category_only,all,42,0,0.0
41-1,Green Party,opposition_motion,category_only,contested,31,0,0.0
41-1,Green Party,opposition_motion,documented_free_excluded,all,42,0,0.0
41-1,Green Party,opposition_motion,documented_free_excluded,contested,31,0,0.0
41-1,Green Party,opposition_motion,uncertain_excluded,all,42,0,0.0
41-1,Green Party,opposition_motion,uncertain_excluded,contested,31,0,0.0
41-1,Green Party,opposition_motion,unknown_bill_as_government,all,42,0,0.0
41-1,Green Party,opposition_motion,unknown_bill_as_government,contested,31,0,0.0
41-1,Green Party,private_members_business,category_only,all,103,0,0.0
41-1,Green Party,private_members_business,category_only,contested,75,0,0.0
41-1,Green Party,private_members_business,documented_free_excluded,all,103,0,0.0
41-1,Green Party,private_members_business,documented_free_excluded,contested,75,0,0.0
41-1,Green Party,private_members_business,uncertain_excluded,all,103,0,0.0
41-1,Green Party,private_members_business,uncertain_excluded,contested,75,0,0.0
41-1,Green Party,private_members_business,unknown_bill_as_government,all,103,0,0.0
41-1,Green Party,private_members_business,unknown_bill_as_government,contested,75,0,0.0
41-1,Green Party,procedural,category_only,all,93,0,0.0
41-1,Green Party,procedural,category_only,contested,92,0,0.0
41-1,Green Party,procedural,documented_free_excluded,all,93,0,0.0
41-1,Green Party,procedural,documented_free_excluded,contested,92,0,0.0
41-1,Green Party,procedural,uncertain_excluded,all,93,0,0.0
41-1,Green Party,procedural,uncertain_excluded,contested,92,0,0.0
41-1,Green Party,procedural,unknown_bill_as_government,all,93,0,0.0
41-1,Green Party,procedural,unknown_bill_as_government,contested,92,0,0.0
41-1,Green Party,supply,category_only,all,68,0,0.0
41-1,Green Party,supply,category_only,contested,67,0,0.0
41-1,Green Party,supply,documented_free_excluded,all,68,0,0.0
41-1,Green Party,supply,documented_free_excluded,contested,67,0,0.0
41-1,Green Party,supply,uncertain_excluded,all,68,0,0.0
41-1,Green Party,supply,uncertain_excluded,contested,67,0,0.0
41-1,Green Party,supply,unknown_bill_as_government,all,68,0,0.0
41-1,Green Party,supply,unknown_bill_as_government,contested,67,0,0.0
41-1,Liberal,committee_report,category_only,all,6,0,0.0
41-1,Liberal,committee_report,category_only,contested,3,0,0.0
41-1,Liberal,committee_report,documented_free_excluded,all,6,0,0.0
41-1,Liberal,committee_report,documented_free_excluded,contested,3,0,0.0
41-1,Liberal,committee_report,uncertain_excluded,all,6,0,0.0
41-1,Liberal,committee_report,uncertain_excluded,contested,3,0,0.0
41-1,Liberal,committee_report,unknown_bill_as_government,all,6,0,0.0
41-1,Liberal,committee_report,unknown_bill_as_government,contested,3,0,0.0
41-1,Liberal,government_bill,category_only,all,411,0,0.0
41-1,Liberal,government_bill,category_only,contested,381,0,0.0
41-1,Liberal,government_bill,documented_free_excluded,all,411,0,0.0
41-1,Liberal,government_bill,documented_free_excluded,contested,381,0,0.0
41-1,Liberal,government_bill,uncertain_excluded,all,411,0,0.0
41-1,Liberal,government_bill,uncertain_excluded,contested,381,0,0.0
41-1,Liberal,government_bill,unknown_bill_as_government,all,411,0,0.0
41-1,Liberal,government_bill,unknown_bill_as_government,contested,381,0,0.0
41-1,Liberal,government_motion,category_only,all,8,0,0.0
41-1,Liberal,government_motion,category_only,contested,5,0,0.0
41-1,Liberal,government_motion,documented_free_excluded,all,8,0,0.0
41-1,Liberal,government_motion,documented_free_excluded,contested,5,0,0.0
41-1,Liberal,government_motion,uncertain_excluded,all,8,0,0.0
41-1,Liberal,government_motion,uncertain_excluded,contested,5,0,0.0
41-1,Liberal,government_motion,unknown_bill_as_government,all,8,0,0.0
41-1,Liberal,government_motion,unknown_bill_as_government,contested,5,0,0.0
41-1,Liberal,opposition_motion,category_only,all,48,0,0.0
41-1,Liberal,opposition_motion,category_only,contested,35,0,0.0
41-1,Liberal,opposition_motion,documented_free_excluded,all,48,0,0.0
41-1,Liberal,opposition_motion,documented_free_excluded,contested,35,0,0.0
41-1,Liberal,opposition_motion,uncertain_excluded,all,48,0,0.0
41-1,Liberal,opposition_motion,uncertain_excluded,contested,35,0,0.0
41-1,Liberal,opposition_motion,unknown_bill_as_government,all,48,0,0.0
41-1,Liberal,opposition_motion,unknown_bill_as_government,contested,35,0,0.0
41-1,Liberal,private_members_business,category_only,all,111,7,6.306306
41-1,Liberal,private_members_business,category_only,contested,81,7,8.641975
41-1,Liberal,private_members_business,documented_free_excluded,all,111,7,6.306306
41-1,Liberal,private_members_business,documented_free_excluded,contested,81,7,8.641975
41-1,Liberal,private_members_business,uncertain_excluded,all,111,7,6.306306
41-1,Liberal,private_members_business,uncertain_excluded,contested,81,7,8.641975
41-1,Liberal,private_members_business,unknown_bill_as_government,all,111,7,6.306306
41-1,Liberal,private_members_business,unknown_bill_as_government,contested,81,7,8.641975
41-1,Liberal,procedural,category_only,all,100,1,1.0
41-1,Liberal,procedural,category_only,contested,98,1,1.020408
41-1,Liberal,procedural,documented_free_excluded,all,100,1,1.0
41-1,Liberal,procedural,documented_free_excluded,contested,98,1,1.020408
41-1,Liberal,procedural,uncertain_excluded,all,100,1,1.0
41-1,Liberal,procedural,uncertain_excluded,contested,98,1,1.020408
41-1,Liberal,procedural,unknown_bill_as_government,all,100,1,1.0
41-1,Liberal,procedural,unknown_bill_as_government,contested,98,1,1.020408
41-1,Liberal,supply,category_only,all,73,0,0.0
41-1,Liberal,supply,category_only,contested,72,0,0.0
41-1,Liberal,supply,documented_free_excluded,all,73,0,0.0
41-1,Liberal,supply,documented_free_excluded,contested,72,0,0.0
41-1,Liberal,supply,uncertain_excluded,all,73,0,0.0
41-1,Liberal,supply,uncertain_excluded,contested,72,0,0.0
41-1,Liberal,supply,unknown_bill_as_government,all,73,0,0.0
41-1,Liberal,supply,unknown_bill_as_government,contested,72,0,0.0
41-1,NDP,appointment,category_only,all,1,0,0.0
41-1,NDP,appointment,category_only,contested,1,0,0.0
41-1,NDP,appointment,documented_free_excluded,all,1,0,0.0
41-1,NDP,appointment,documented_free_excluded,contested,1,0,0.0
41-1,NDP,appointment,uncertain_excluded,all,1,0,0.0
41-1,NDP,appointment,uncertain_excluded,contested,1,0,0.0
41-1,NDP,appointment,unknown_bill_as_government,all,1,0,0.0
41-1,NDP,appointment,unknown_bill_as_government,contested,1,0,0.0
41-1,NDP,committee_report,category_only,all,6,0,0.0
41-1,NDP,committee_report,category_only,contested,3,0,0.0
41-1,NDP,committee_report,documented_free_excluded,all,6,0,0.0
41-1,NDP,committee_report,documented_free_excluded,contested,3,0,0.0
41-1,NDP,committee_report,uncertain_excluded,all,6,0,0.0
41-1,NDP,committee_report,uncertain_excluded,contested,3,0,0.0
41-1,NDP,committee_report,unknown_bill_as_government,all,6,0,0.0
41-1,NDP,committee_report,unknown_bill_as_government,contested,3,0,0.0
41-1,NDP,government_bill,category_only,all,412,3,0.728155
41-1,NDP,government_bill,category_only,contested,382,3,0.78534
41-1,NDP,government_bill,documented_free_excluded,all,412,3,0.728155
41-1,NDP,government_bill,documented_free_excluded,contested,382,3,0.78534
41-1,NDP,government_bill,uncertain_excluded,all,412,3,0.728155
41-1,NDP,government_bill,uncertain_excluded,contested,382,3,0.78534
41-1,NDP,government_bill,unknown_bill_as_government,all,412,3,0.728155
41-1,NDP,government_bill,unknown_bill_as_government,contested,382,3,0.78534
41-1,NDP,government_motion,category_only,all,8,0,0.0
41-1,NDP,government_motion,category_only,contested,5,0,0.0
41-1,NDP,government_motion,documented_free_excluded,all,8,0,0.0
41-1,NDP,government_motion,documented_free_excluded,contested,5,0,0.0
41-1,NDP,government_motion,uncertain_excluded,all,8,0,0.0
41-1,NDP,government_motion,uncertain_excluded,contested,5,0,0.0
41-1,NDP,government_motion,unknown_bill_as_government,all,8,0,0.0
41-1,NDP,government_motion,unknown_bill_as_government,contested,5,0,0.0
41-1,NDP,opposition_motion,category_only,all,48,0,0.0
41-1,NDP,opposition_motion,category_only,contested,35,0,0.0
41-1,NDP,opposition_motion,documented_free_excluded,all,48,0,0.0
41-1,NDP,opposition_motion,documented_free_excluded,contested,35,0,0.0
41-1,NDP,opposition_motion,uncertain_excluded,all,48,0,0.0
41-1,NDP,opposition_motion,uncertain_excluded,contested,35,0,0.0
41-1,NDP,opposition_motion,unknown_bill_as_government,all,48,0,0.0
41-1,NDP,opposition_motion,unknown_bill_as_government,contested,35,0,0.0
41-1,NDP,private_members_business,category_only,all,111,2,1.801802
41-1,NDP,private_members_business,category_only,contested,81,2,2.469136
41-1,NDP,private_members_business,documented_free_excluded,all,111,2,1.801802
41-1,NDP,private_members_business,documented_free_excluded,contested,81,2,2.469136
41-1,NDP,private_members_business,uncertain_excluded,all,111,2,1.801802
41-1,NDP,private_members_business,uncertain_excluded,contested,81,2,2.469136
41-1,NDP,private_members_business,unknown_bill_as_government,all,111,2,1.801802
41-1,NDP,private_members_business,unknown_bill_as_government,contested,81,2,2.469136
41-1,NDP,procedural,category_only,all,100,0,0.0
41-1,NDP,procedural,category_only,contested,98,0,0.0
41-1,NDP,procedural,documented_free_excluded,all,100,0,0.0
41-1,NDP,procedural,documented_free_excluded,contested,98,0,0.0
41-1,NDP,procedural,uncertain_excluded,all,100,0,0.0
41-1,NDP,procedural,uncertain_excluded,contested,98,0,0.0
41-1,NDP,procedural,unknown_bill_as_government,all,100,0,0.0
41-1,NDP,procedural,unknown_bill_as_government,contested,98,0,0.0
41-1,NDP,supply,category_only,all,73,0,0.0
41-1,NDP,supply,category_only,contested,72,0,0.0
41-1,NDP,supply,documented_free_excluded,all,73,0,0.0
41-1,NDP,supply,documented_free_excluded,contested,72,0,0.0
41-1,NDP,supply,uncertain_excluded,all,73,0,0.0
41-1,NDP,supply,uncertain_excluded,contested,72,0,0.0
41-1,NDP,supply,unknown_bill_as_government,all,73,0,0.0
41-1,NDP,supply,unknown_bill_as_government,contested,72,0,0.0
41-2,Bloc Québécois,appointment,category_only,all,2,0,0.0
41-2,Bloc Québécois,appointment,category_only,contested,1,0,0.0
41-2,Bloc Québécois,appointment,documented_free_excluded,all,2,0,0.0
41-2,Bloc Québécois,appointment,documented_free_excluded,contested,1,0,0.0
41-2,Bloc Québécois,appointment,uncertain_excluded,all,2,0,0.0
41-2,Bloc Québécois,appointment,uncertain_excluded,contested,1,0,0.0
41-2,Bloc Québécois,appointment,unknown_bill_as_government,all,2,0,0.0
41-2,Bloc Québécois,appointment,unknown_bill_as_government,contested,1,0,0.0
41-2,Bloc Québécois,committee_report,category_only,all,10,0,0.0
41-2,Bloc Québécois,committee_report,category_only,contested,6,0,0.0
41-2,Bloc Québécois,committee_report,documented_free_excluded,all,10,0,0.0
41-2,Bloc Québécois,committee_report,documented_free_excluded,contested,6,0,0.0
41-2,Bloc Québécois,committee_report,uncertain_excluded,all,10,0,0.0
41-2,Bloc Québécois,committee_report,uncertain_excluded,contested,6,0,0.0
41-2,Bloc Québécois,committee_report,unknown_bill_as_government,all,10,0,0.0
41-2,Bloc Québécois,committee_report,unknown_bill_as_government,contested,6,0,0.0
41-2,Bloc Québécois,government_bill,category_only,all,133,0,0.0
41-2,Bloc Québécois,government_bill,category_only,contested,122,0,0.0
41-2,Bloc Québécois,government_bill,documented_free_excluded,all,133,0,0.0
41-2,Bloc Québécois,government_bill,documented_free_excluded,contested,122,0,0.0
41-2,Bloc Québécois,government_bill,uncertain_excluded,all,133,0,0.0
41-2,Bloc Québécois,government_bill,uncertain_excluded,contested,122,0,0.0
41-2,Bloc Québécois,government_bill,unknown_bill_as_government,all,133,0,0.0
41-2,Bloc Québécois,government_bill,unknown_bill_as_government,contested,122,0,0.0
41-2,Bloc Québécois,government_motion,category_only,all,6,0,0.0
41-2,Bloc Québécois,government_motion,category_only,contested,5,0,0.0
41-2,Bloc Québécois,government_motion,documented_free_excluded,all,6,0,0.0
41-2,Bloc Québécois,government_motion,documented_free_excluded,contested,5,0,0.0
41-2,Bloc Québécois,government_motion,uncertain_excluded,all,6,0,0.0
41-2,Bloc Québécois,government_motion,uncertain_excluded,contested,5,0,0.0
41-2,Bloc Québécois,government_motion,unknown_bill_as_government,all,6,0,0.0
41-2,Bloc Québécois,government_motion,unknown_bill_as_government,contested,5,0,0.0
41-2,Bloc Québécois,opposition_motion,category_only,all,40,0,0.0
41-2,Bloc Québécois,opposition_motion,category_only,contested,35,0,0.0
41-2,Bloc Québécois,opposition_motion,documented_free_excluded,all,40,0,0.0
41-2,Bloc Québécois,opposition_motion,documented_free_excluded,contested,35,0,0.0
41-2,Bloc Québécois,opposition_motion,uncertain_excluded,all,40,0,0.0
41-2,Bloc Québécois,opposition_motion,uncertain_excluded,contested,35,0,0.0
41-2,Bloc Québécois,opposition_motion,unknown_bill_as_government,all,40,0,0.0
41-2,Bloc Québécois,opposition_motion,unknown_bill_as_government,contested,35,0,0.0
41-2,Bloc Québécois,private_members_business,category_only,all,92,0,0.0
41-2,Bloc Québécois,private_members_business,category_only,contested,60,0,0.0
41-2,Bloc Québécois,private_members_business,documented_free_excluded,all,92,0,0.0
41-2,Bloc Québécois,private_members_business,documented_free_excluded,contested,60,0,0.0
41-2,Bloc Québécois,private_members_business,uncertain_excluded,all,92,0,0.0
41-2,Bloc Québécois,private_members_business,uncertain_excluded,contested,60,0,0.0
41-2,Bloc Québécois,private_members_business,unknown_bill_as_government,all,92,0,0.0
41-2,Bloc Québécois,private_members_business,unknown_bill_as_government,contested,60,0,0.0
41-2,Bloc Québécois,procedural,category_only,all,72,0,0.0
41-2,Bloc Québécois,procedural,category_only,contested,68,0,0.0
41-2,Bloc Québécois,procedural,documented_free_excluded,all,72,0,0.0
41-2,Bloc Québécois,procedural,documented_free_excluded,contested,68,0,0.0
41-2,Bloc Québécois,procedural,uncertain_excluded,all,72,0,0.0
41-2,Bloc Québécois,procedural,uncertain_excluded,contested,68,0,0.0
41-2,Bloc Québécois,procedural,unknown_bill_as_government,all,72,0,0.0
41-2,Bloc Québécois,procedural,unknown_bill_as_government,contested,68,0,0.0
41-2,Bloc Québécois,supply,category_only,all,53,0,0.0
41-2,Bloc Québécois,supply,category_only,contested,52,0,0.0
41-2,Bloc Québécois,supply,documented_free_excluded,all,53,0,0.0
41-2,Bloc Québécois,supply,documented_free_excluded,contested,52,0,0.0
41-2,Bloc Québécois,supply,uncertain_excluded,all,53,0,0.0
41-2,Bloc Québécois,supply,uncertain_excluded,contested,52,0,0.0
41-2,Bloc Québécois,supply,unknown_bill_as_government,all,53,0,0.0
41-2,Bloc Québécois,supply,unknown_bill_as_government,contested,52,0,0.0
41-2,Conservative,appointment,category_only,all,2,0,0.0
41-2,Conservative,appointment,category_only,contested,1,0,0.0
41-2,Conservative,appointment,documented_free_excluded,all,2,0,0.0
41-2,Conservative,appointment,documented_free_excluded,contested,1,0,0.0
41-2,Conservative,appointment,uncertain_excluded,all,2,0,0.0
41-2,Conservative,appointment,uncertain_excluded,contested,1,0,0.0
41-2,Conservative,appointment,unknown_bill_as_government,all,2,0,0.0
41-2,Conservative,appointment,unknown_bill_as_government,contested,1,0,0.0
41-2,Conservative,committee_report,category_only,all,16,1,6.25
41-2,Conservative,committee_report,category_only,contested,10,1,10.0
41-2,Conservative,committee_report,documented_free_excluded,all,16,1,6.25
41-2,Conservative,committee_report,documented_free_excluded,contested,10,1,10.0
41-2,Conservative,committee_report,uncertain_excluded,all,16,1,6.25
41-2,Conservative,committee_report,uncertain_excluded,contested,10,1,10.0
41-2,Conservative,committee_report,unknown_bill_as_government,all,16,1,6.25
41-2,Conservative,committee_report,unknown_bill_as_government,contested,10,1,10.0
41-2,Conservative,government_bill,category_only,all,153,0,0.0
41-2,Conservative,government_bill,category_only,contested,139,0,0.0
41-2,Conservative,government_bill,documented_free_excluded,all,153,0,0.0
41-2,Conservative,government_bill,documented_free_excluded,contested,139,0,0.0
41-2,Conservative,government_bill,uncertain_excluded,all,153,0,0.0
41-2,Conservative,government_bill,uncertain_excluded,contested,139,0,0.0
41-2,Conservative,government_bill,unknown_bill_as_government,all,153,0,0.0
41-2,Conservative,government_bill,unknown_bill_as_government,contested,139,0,0.0
41-2,Conservative,government_motion,category_only,all,9,0,0.0
41-2,Conservative,government_motion,category_only,contested,8,0,0.0
41-2,Conservative,government_motion,documented_free_excluded,all,9,0,0.0
41-2,Conservative,government_motion,documented_free_excluded,contested,8,0,0.0
41-2,Conservative,government_motion,uncertain_excluded,all,9,0,0.0
41-2,Conservative,government_motion,uncertain_excluded,contested,8,0,0.0
41-2,Conservative,government_motion,unknown_bill_as_government,all,9,0,0.0
41-2,Conservative,government_motion,unknown_bill_as_government,contested,8,0,0.0
41-2,Conservative,opposition_motion,category_only,all,41,3,7.317073
41-2,Conservative,opposition_motion,category_only,contested,36,2,5.555556
41-2,Conservative,opposition_motion,documented_free_excluded,all,41,3,7.317073
41-2,Conservative,opposition_motion,documented_free_excluded,contested,36,2,5.555556
41-2,Conservative,opposition_motion,uncertain_excluded,all,41,3,7.317073
41-2,Conservative,opposition_motion,uncertain_excluded,contested,36,2,5.555556
41-2,Conservative,opposition_motion,unknown_bill_as_government,all,41,3,7.317073
41-2,Conservative,opposition_motion,unknown_bill_as_government,contested,36,2,5.555556
41-2,Conservative,private_members_business,category_only,all,100,27,27.0
41-2,Conservative,private_members_business,category_only,contested,64,22,34.375
41-2,Conservative,private_members_business,documented_free_excluded,all,100,27,27.0
41-2,Conservative,private_members_business,documented_free_excluded,contested,64,22,34.375
41-2,Conservative,private_members_business,uncertain_excluded,all,100,27,27.0
41-2,Conservative,private_members_business,uncertain_excluded,contested,64,22,34.375
41-2,Conservative,private_members_business,unknown_bill_as_government,all,100,27,27.0
41-2,Conservative,private_members_business,unknown_bill_as_government,contested,64,22,34.375
41-2,Conservative,procedural,category_only,all,90,2,2.222222
41-2,Conservative,procedural,category_only,contested,86,2,2.325581
41-2,Conservative,procedural,documented_free_excluded,all,90,2,2.222222
41-2,Conservative,procedural,documented_free_excluded,contested,86,2,2.325581
41-2,Conservative,procedural,uncertain_excluded,all,90,2,2.222222
41-2,Conservative,procedural,uncertain_excluded,contested,86,2,2.325581
41-2,Conservative,procedural,unknown_bill_as_government,all,90,2,2.222222
41-2,Conservative,procedural,unknown_bill_as_government,contested,86,2,2.325581
41-2,Conservative,supply,category_only,all,56,0,0.0
41-2,Conservative,supply,category_only,contested,55,0,0.0
41-2,Conservative,supply,documented_free_excluded,all,56,0,0.0
41-2,Conservative,supply,documented_free_excluded,contested,55,0,0.0
41-2,Conservative,supply,uncertain_excluded,all,56,0,0.0
41-2,Conservative,supply,uncertain_excluded,contested,55,0,0.0
41-2,Conservative,supply,unknown_bill_as_government,all,56,0,0.0
41-2,Conservative,supply,unknown_bill_as_government,contested,55,0,0.0
41-2,Green Party,appointment,category_only,all,2,0,0.0
41-2,Green Party,appointment,category_only,contested,1,0,0.0
41-2,Green Party,appointment,documented_free_excluded,all,2,0,0.0
41-2,Green Party,appointment,documented_free_excluded,contested,1,0,0.0
41-2,Green Party,appointment,uncertain_excluded,all,2,0,0.0
41-2,Green Party,appointment,uncertain_excluded,contested,1,0,0.0
41-2,Green Party,appointment,unknown_bill_as_government,all,2,0,0.0
41-2,Green Party,appointment,unknown_bill_as_government,contested,1,0,0.0
41-2,Green Party,committee_report,category_only,all,13,0,0.0
41-2,Green Party,committee_report,category_only,contested,9,0,0.0
41-2,Green Party,committee_report,documented_free_excluded,all,13,0,0.0
41-2,Green Party,committee_report,documented_free_excluded,contested,9,0,0.0
41-2,Green Party,committee_report,uncertain_excluded,all,13,0,0.0
41-2,Green Party,committee_report,uncertain_excluded,contested,9,0,0.0
41-2,Green Party,committee_report,unknown_bill_as_government,all,13,0,0.0
41-2,Green Party,committee_report,unknown_bill_as_government,contested,9,0,0.0
41-2,Green Party,government_bill,category_only,all,146,0,0.0
41-2,Green Party,government_bill,category_only,contested,133,0,0.0
41-2,Green Party,government_bill,documented_free_excluded,all,146,0,0.0
41-2,Green Party,government_bill,documented_free_excluded,contested,133,0,0.0
41-2,Green Party,government_bill,uncertain_excluded,all,146,0,0.0
41-2,Green Party,government_bill,uncertain_excluded,contested,133,0,0.0
41-2,Green Party,government_bill,unknown_bill_as_government,all,146,0,0.0
41-2,Green Party,government_bill,unknown_bill_as_government,contested,133,0,0.0
41-2,Green Party,government_motion,category_only,all,7,0,0.0
41-2,Green Party,government_motion,category_only,contested,6,0,0.0
41-2,Green Party,government_motion,documented_free_excluded,all,7,0,0.0
41-2,Green Party,government_motion,documented_free_excluded,contested,6,0,0.0
41-2,Green Party,government_motion,uncertain_excluded,all,7,0,0.0
41-2,Green Party,government_motion,uncertain_excluded,contested,6,0,0.0
41-2,Green Party,government_motion,unknown_bill_as_government,all,7,0,0.0
41-2,Green Party,government_motion,unknown_bill_as_government,contested,6,0,0.0
41-2,Green Party,opposition_motion,category_only,all,38,0,0.0
41-2,Green Party,opposition_motion,category_only,contested,33,0,0.0
41-2,Green Party,opposition_motion,documented_free_excluded,all,38,0,0.0
41-2,Green Party,opposition_motion,documented_free_excluded,contested,33,0,0.0
41-2,Green Party,opposition_motion,uncertain_excluded,all,38,0,0.0
41-2,Green Party,opposition_motion,uncertain_excluded,contested,33,0,0.0
41-2,Green Party,opposition_motion,unknown_bill_as_government,all,38,0,0.0
41-2,Green Party,opposition_motion,unknown_bill_as_government,contested,33,0,0.0
41-2,Green Party,private_members_business,category_only,all,92,0,0.0
41-2,Green Party,private_members_business,category_only,contested,59,0,0.0
41-2,Green Party,private_members_business,documented_free_excluded,all,92,0,0.0
41-2,Green Party,private_members_business,documented_free_excluded,contested,59,0,0.0
41-2,Green Party,private_members_business,uncertain_excluded,all,92,0,0.0
41-2,Green Party,private_members_business,uncertain_excluded,contested,59,0,0.0
41-2,Green Party,private_members_business,unknown_bill_as_government,all,92,0,0.0
41-2,Green Party,private_members_business,unknown_bill_as_government,contested,59,0,0.0
41-2,Green Party,procedural,category_only,all,81,0,0.0
41-2,Green Party,procedural,category_only,contested,78,0,0.0
41-2,Green Party,procedural,documented_free_excluded,all,81,0,0.0
41-2,Green Party,procedural,documented_free_excluded,contested,78,0,0.0
41-2,Green Party,procedural,uncertain_excluded,all,81,0,0.0
41-2,Green Party,procedural,uncertain_excluded,contested,78,0,0.0
41-2,Green Party,procedural,unknown_bill_as_government,all,81,0,0.0
41-2,Green Party,procedural,unknown_bill_as_government,contested,78,0,0.0
41-2,Green Party,supply,category_only,all,46,0,0.0
41-2,Green Party,supply,category_only,contested,45,0,0.0
41-2,Green Party,supply,documented_free_excluded,all,46,0,0.0
41-2,Green Party,supply,documented_free_excluded,contested,45,0,0.0
41-2,Green Party,supply,uncertain_excluded,all,46,0,0.0
41-2,Green Party,supply,uncertain_excluded,contested,45,0,0.0
41-2,Green Party,supply,unknown_bill_as_government,all,46,0,0.0
41-2,Green Party,supply,unknown_bill_as_government,contested,45,0,0.0
41-2,Liberal,appointment,category_only,all,2,0,0.0
41-2,Liberal,appointment,category_only,contested,1,0,0.0
41-2,Liberal,appointment,documented_free_excluded,all,2,0,0.0
41-2,Liberal,appointment,documented_free_excluded,contested,1,0,0.0
41-2,Liberal,appointment,uncertain_excluded,all,2,0,0.0
41-2,Liberal,appointment,uncertain_excluded,contested,1,0,0.0
41-2,Liberal,appointment,unknown_bill_as_government,all,2,0,0.0
41-2,Liberal,appointment,unknown_bill_as_government,contested,1,0,0.0
41-2,Liberal,committee_report,category_only,all,16,1,6.25
41-2,Liberal,committee_report,category_only,contested,10,1,10.0
41-2,Liberal,committee_report,documented_free_excluded,all,16,1,6.25
41-2,Liberal,committee_report,documented_free_excluded,contested,10,1,10.0
41-2,Liberal,committee_report,uncertain_excluded,all,16,1,6.25
41-2,Liberal,committee_report,uncertain_excluded,contested,10,1,10.0
41-2,Liberal,committee_report,unknown_bill_as_government,all,16,1,6.25
41-2,Liberal,committee_report,unknown_bill_as_government,contested,10,1,10.0
41-2,Liberal,government_bill,category_only,all,153,0,0.0
41-2,Liberal,government_bill,category_only,contested,139,0,0.0
41-2,Liberal,government_bill,documented_free_excluded,all,153,0,0.0
41-2,Liberal,government_bill,documented_free_excluded,contested,139,0,0.0
41-2,Liberal,government_bill,uncertain_excluded,all,153,0,0.0
41-2,Liberal,government_bill,uncertain_excluded,contested,139,0,0.0
41-2,Liberal,government_bill,unknown_bill_as_government,all,153,0,0.0
41-2,Liberal,government_bill,unknown_bill_as_government,contested,139,0,0.0
41-2,Liberal,government_motion,category_only,all,8,1,12.5
41-2,Liberal,government_motion,category_only,contested,7,1,14.285714
41-2,Liberal,government_motion,documented_free_excluded,all,8,1,12.5
41-2,Liberal,government_motion,documented_free_excluded,contested,7,1,14.285714
41-2,Liberal,government_motion,uncertain_excluded,all,8,1,12.5
41-2,Liberal,government_motion,uncertain_excluded,contested,7,1,14.285714
41-2,Liberal,government_motion,unknown_bill_as_government,all,8,1,12.5
41-2,Liberal,government_motion,unknown_bill_as_government,contested,7,1,14.285714
41-2,Liberal,opposition_motion,category_only,all,41,1,2.439024
41-2,Liberal,opposition_motion,category_only,contested,36,1,2.777778
41-2,Liberal,opposition_motion,documented_free_excluded,all,41,1,2.439024
41-2,Liberal,opposition_motion,documented_free_excluded,contested,36,1,2.777778
41-2,Liberal,opposition_motion,uncertain_excluded,all,41,1,2.439024
41-2,Liberal,opposition_motion,uncertain_excluded,contested,36,1,2.777778
41-2,Liberal,opposition_motion,unknown_bill_as_government,all,41,1,2.439024
41-2,Liberal,opposition_motion,unknown_bill_as_government,contested,36,1,2.777778
41-2,Liberal,private_members_business,category_only,all,100,5,5.0
41-2,Liberal,private_members_business,category_only,contested,64,4,6.25
41-2,Liberal,private_members_business,documented_free_excluded,all,100,5,5.0
41-2,Liberal,private_members_business,documented_free_excluded,contested,64,4,6.25
41-2,Liberal,private_members_business,uncertain_excluded,all,100,5,5.0
41-2,Liberal,private_members_business,uncertain_excluded,contested,64,4,6.25
41-2,Liberal,private_members_business,unknown_bill_as_government,all,100,5,5.0
41-2,Liberal,private_members_business,unknown_bill_as_government,contested,64,4,6.25
41-2,Liberal,procedural,category_only,all,90,0,0.0
41-2,Liberal,procedural,category_only,contested,86,0,0.0
41-2,Liberal,procedural,documented_free_excluded,all,90,0,0.0
41-2,Liberal,procedural,documented_free_excluded,contested,86,0,0.0
41-2,Liberal,procedural,uncertain_excluded,all,90,0,0.0
41-2,Liberal,procedural,uncertain_excluded,contested,86,0,0.0
41-2,Liberal,procedural,unknown_bill_as_government,all,90,0,0.0
41-2,Liberal,procedural,unknown_bill_as_government,contested,86,0,0.0
41-2,Liberal,supply,category_only,all,56,0,0.0
41-2,Liberal,supply,category_only,contested,55,0,0.0
41-2,Liberal,supply,documented_free_excluded,all,56,0,0.0
41-2,Liberal,supply,documented_free_excluded,contested,55,0,0.0
41-2,Liberal,supply,uncertain_excluded,all,56,0,0.0
41-2,Liberal,supply,uncertain_excluded,contested,55,0,0.0
41-2,Liberal,supply,unknown_bill_as_government,all,56,0,0.0
41-2,Liberal,supply,unknown_bill_as_government,contested,55,0,0.0
41-2,NDP,appointment,category_only,all,2,0,0.0
41-2,NDP,appointment,category_only,contested,1,0,0.0
41-2,NDP,appointment,documented_free_excluded,all,2,0,0.0
41-2,NDP,appointment,documented_free_excluded,contested,1,0,0.0
41-2,NDP,appointment,uncertain_excluded,all,2,0,0.0
41-2,NDP,appointment,uncertain_excluded,contested,1,0,0.0
41-2,NDP,appointment,unknown_bill_as_government,all,2,0,0.0
41-2,NDP,appointment,unknown_bill_as_government,contested,1,0,0.0
41-2,NDP,committee_report,category_only,all,16,1,6.25
41-2,NDP,committee_report,category_only,contested,10,1,10.0
41-2,NDP,committee_report,documented_free_excluded,all,16,1,6.25
41-2,NDP,committee_report,documented_free_excluded,contested,10,1,10.0
41-2,NDP,committee_report,uncertain_excluded,all,16,1,6.25
41-2,NDP,committee_report,uncertain_excluded,contested,10,1,10.0
41-2,NDP,committee_report,unknown_bill_as_government,all,16,1,6.25
41-2,NDP,committee_report,unknown_bill_as_government,contested,10,1,10.0
41-2,NDP,government_bill,category_only,all,153,0,0.0
41-2,NDP,government_bill,category_only,contested,139,0,0.0
41-2,NDP,government_bill,documented_free_excluded,all,153,0,0.0
41-2,NDP,government_bill,documented_free_excluded,contested,139,0,0.0
41-2,NDP,government_bill,uncertain_excluded,all,153,0,0.0
41-2,NDP,government_bill,uncertain_excluded,contested,139,0,0.0
41-2,NDP,government_bill,unknown_bill_as_government,all,153,0,0.0
41-2,NDP,government_bill,unknown_bill_as_government,contested,139,0,0.0
41-2,NDP,government_motion,category_only,all,9,0,0.0
41-2,NDP,government_motion,category_only,contested,8,0,0.0
41-2,NDP,government_motion,documented_free_excluded,all,9,0,0.0
41-2,NDP,government_motion,documented_free_excluded,contested,8,0,0.0
41-2,NDP,government_motion,uncertain_excluded,all,9,0,0.0
41-2,NDP,government_motion,uncertain_excluded,contested,8,0,0.0
41-2,NDP,government_motion,unknown_bill_as_government,all,9,0,0.0
41-2,NDP,government_motion,unknown_bill_as_government,contested,8,0,0.0
41-2,NDP,opposition_motion,category_only,all,41,0,0.0
41-2,NDP,opposition_motion,category_only,contested,36,0,0.0
41-2,NDP,opposition_motion,documented_free_excluded,all,41,0,0.0
41-2,NDP,opposition_motion,documented_free_excluded,contested,36,0,0.0
41-2,NDP,opposition_motion,uncertain_excluded,all,41,0,0.0
41-2,NDP,opposition_motion,uncertain_excluded,contested,36,0,0.0
41-2,NDP,opposition_motion,unknown_bill_as_government,all,41,0,0.0
41-2,NDP,opposition_motion,unknown_bill_as_government,contested,36,0,0.0
41-2,NDP,private_members_business,category_only,all,100,5,5.0
41-2,NDP,private_members_business,category_only,contested,64,4,6.25
41-2,NDP,private_members_business,documented_free_excluded,all,100,5,5.0
41-2,NDP,private_members_business,documented_free_excluded,contested,64,4,6.25
41-2,NDP,private_members_business,uncertain_excluded,all,100,5,5.0
41-2,NDP,private_members_business,uncertain_excluded,contested,64,4,6.25
41-2,NDP,private_members_business,unknown_bill_as_government,all,100,5,5.0
41-2,NDP,private_members_business,unknown_bill_as_government,contested,64,4,6.25
41-2,NDP,procedural,category_only,all,90,0,0.0
41-2,NDP,procedural,category_only,contested,86,0,0.0
41-2,NDP,procedural,documented_free_excluded,all,90,0,0.0
41-2,NDP,procedural,documented_free_excluded,contested,86,0,0.0
41-2,NDP,procedural,uncertain_excluded,all,90,0,0.0
41-2,NDP,procedural,uncertain_excluded,contested,86,0,0.0
41-2,NDP,procedural,unknown_bill_as_government,all,90,0,0.0
41-2,NDP,procedural,unknown_bill_as_government,contested,86,0,0.0
41-2,NDP,supply,category_only,all,56,0,0.0
41-2,NDP,supply,category_only,contested,55,0,0.0
41-2,NDP,supply,documented_free_excluded,all,56,0,0.0
41-2,NDP,supply,documented_free_excluded,contested,55,0,0.0
41-2,NDP,supply,uncertain_excluded,all,56,0,0.0
41-2,NDP,supply,uncertain_excluded,contested,55,0,0.0
41-2,NDP,supply,unknown_bill_as_government,all,56,0,0.0
41-2,NDP,supply,unknown_bill_as_government,contested,55,0,0.0
42-1,Bloc Québécois,appointment,category_only,all,2,0,0.0
42-1,Bloc Québécois,appointment,category_only,contested,1,0,0.0
42-1,Bloc Québécois,appointment,documented_free_excluded,all,2,0,0.0
42-1,Bloc Québécois,appointment,documented_free_excluded,contested,1,0,0.0
42-1,Bloc Québécois,appointment,uncertain_excluded,all,2,0,0.0
42-1,Bloc Québécois,appointment,uncertain_excluded,contested,1,0,0.0
42-1,Bloc Québécois,appointment,unknown_bill_as_government,all,2,0,0.0
42-1,Bloc Québécois,appointment,unknown_bill_as_government,contested,1,0,0.0
42-1,Bloc Québécois,committee_report,category_only,all,17,1,5.882353
42-1,Bloc Québécois,committee_report,category_only,contested,9,1,11.111111
42-1,Bloc Québécois,committee_report,documented_free_excluded,all,17,1,5.882353
42-1,Bloc Québécois,committee_report,documented_free_excluded,contested,9,1,11.111111
42-1,Bloc Québécois,committee_report,uncertain_excluded,all,17,1,5.882353
42-1,Bloc Québécois,committee_report,uncertain_excluded,contested,9,1,11.111111
42-1,Bloc Québécois,committee_report,unknown_bill_as_government,all,17,1,5.882353
42-1,Bloc Québécois,committee_report,unknown_bill_as_government,contested,9,1,11.111111
42-1,Bloc Québécois,government_bill,category_only,all,318,1,0.314465
42-1,Bloc Québécois,government_bill,category_only,contested,300,1,0.333333
42-1,Bloc Québécois,government_bill,documented_free_excluded,all,306,1,0.326797
42-1,Bloc Québécois,government_bill,documented_free_excluded,contested,288,1,0.347222
42-1,Bloc Québécois,government_bill,uncertain_excluded,all,303,1,0.330033
42-1,Bloc Québécois,government_bill,uncertain_excluded,contested,285,1,0.350877
42-1,Bloc Québécois,government_bill,unknown_bill_as_government,all,307,1,0.325733
42-1,Bloc Québécois,government_bill,unknown_bill_as_government,contested,288,1,0.347222
42-1,Bloc Québécois,government_motion,category_only,all,18,0,0.0
42-1,Bloc Québécois,government_motion,category_only,contested,17,0,0.0
42-1,Bloc Québécois,government_motion,documented_free_excluded,all,18,0,0.0
42-1,Bloc Québécois,government_motion,documented_free_excluded,contested,17,0,0.0
42-1,Bloc Québécois,government_motion,uncertain_excluded,all,18,0,0.0
42-1,Bloc Québécois,government_motion,uncertain_excluded,contested,17,0,0.0
42-1,Bloc Québécois,government_motion,unknown_bill_as_government,all,18,0,0.0
42-1,Bloc Québécois,government_motion,unknown_bill_as_government,contested,17,0,0.0
42-1,Bloc Québécois,opposition_motion,category_only,all,87,0,0.0
42-1,Bloc Québécois,opposition_motion,category_only,contested,80,0,0.0
42-1,Bloc Québécois,opposition_motion,documented_free_excluded,all,87,0,0.0
42-1,Bloc Québécois,opposition_motion,documented_free_excluded,contested,80,0,0.0
42-1,Bloc Québécois,opposition_motion,uncertain_excluded,all,87,0,0.0
42-1,Bloc Québécois,opposition_motion,uncertain_excluded,contested,80,0,0.0
42-1,Bloc Québécois,opposition_motion,unknown_bill_as_government,all,87,0,0.0
42-1,Bloc Québécois,opposition_motion,unknown_bill_as_government,contested,80,0,0.0
42-1,Bloc Québécois,private_members_business,category_only,all,150,3,2.0
42-1,Bloc Québécois,private_members_business,category_only,contested,94,3,3.191489
42-1,Bloc Québécois,private_members_business,documented_free_excluded,all,150,3,2.0
42-1,Bloc Québécois,private_members_business,documented_free_excluded,contested,94,3,3.191489
42-1,Bloc Québécois,private_members_business,uncertain_excluded,all,150,3,2.0
42-1,Bloc Québécois,private_members_business,uncertain_excluded,contested,94,3,3.191489
42-1,Bloc Québécois,private_members_business,unknown_bill_as_government,all,150,3,2.0
42-1,Bloc Québécois,private_members_business,unknown_bill_as_government,contested,94,3,3.191489
42-1,Bloc Québécois,procedural,category_only,all,140,2,1.428571
42-1,Bloc Québécois,procedural,category_only,contested,136,2,1.470588
42-1,Bloc Québécois,procedural,documented_free_excluded,all,140,2,1.428571
42-1,Bloc Québécois,procedural,documented_free_excluded,contested,136,2,1.470588
42-1,Bloc Québécois,procedural,uncertain_excluded,all,140,2,1.428571
42-1,Bloc Québécois,procedural,uncertain_excluded,contested,136,2,1.470588
42-1,Bloc Québécois,procedural,unknown_bill_as_government,all,140,2,1.428571
42-1,Bloc Québécois,procedural,unknown_bill_as_government,contested,136,2,1.470588
42-1,Bloc Québécois,supply,category_only,all,564,0,0.0
42-1,Bloc Québécois,supply,category_only,contested,563,0,0.0
42-1,Bloc Québécois,supply,documented_free_excluded,all,564,0,0.0
42-1,Bloc Québécois,supply,documented_free_excluded,contested,563,0,0.0
42-1,Bloc Québécois,supply,uncertain_excluded,all,564,0,0.0
42-1,Bloc Québécois,supply,uncertain_excluded,contested,563,0,0.0
42-1,Bloc Québécois,supply,unknown_bill_as_government,all,564,0,0.0
42-1,Bloc Québécois,supply,unknown_bill_as_government,contested,563,0,0.0
42-1,Bloc Québécois,throne_speech,category_only,all,4,0,0.0
42-1,Bloc Québécois,throne_speech,category_only,contested,4,0,0.0
42-1,Bloc Québécois,throne_speech,documented_free_excluded,all,4,0,0.0
42-1,Bloc Québécois,throne_speech,documented_free_excluded,contested,4,0,0.0
42-1,Bloc Québécois,throne_speech,uncertain_excluded,all,4,0,0.0
42-1,Bloc Québécois,throne_speech,uncertain_excluded,contested,4,0,0.0
42-1,Bloc Québécois,throne_speech,unknown_bill_as_government,all,4,0,0.0
42-1,Bloc Québécois,throne_speech,unknown_bill_as_government,contested,4,0,0.0
42-1,Bloc Québécois,unknown_bill,category_only,all,1,0,0.0
42-1,Bloc Québécois,unknown_bill,documented_free_excluded,all,1,0,0.0
42-1,Conservative,appointment,category_only,all,2,0,0.0
42-1,Conservative,appointment,category_only,contested,1,0,0.0
42-1,Conservative,appointment,documented_free_excluded,all,2,0,0.0
42-1,Conservative,appointment,documented_free_excluded,contested,1,0,0.0
42-1,Conservative,appointment,uncertain_excluded,all,2,0,0.0
42-1,Conservative,appointment,uncertain_excluded,contested,1,0,0.0
42-1,Conservative,appointment,unknown_bill_as_government,all,2,0,0.0
42-1,Conservative,appointment,unknown_bill_as_government,contested,1,0,0.0
42-1,Conservative,committee_report,category_only,all,17,0,0.0
42-1,Conservative,committee_report,category_only,contested,9,0,0.0
42-1,Conservative,committee_report,documented_free_excluded,all,17,0,0.0
42-1,Conservative,committee_report,documented_free_excluded,contested,9,0,0.0
42-1,Conservative,committee_report,uncertain_excluded,all,17,0,0.0
42-1,Conservative,committee_report,uncertain_excluded,contested,9,0,0.0
42-1,Conservative,committee_report,unknown_bill_as_government,all,17,0,0.0
42-1,Conservative,committee_report,unknown_bill_as_government,contested,9,0,0.0
42-1,Conservative,government_bill,category_only,all,326,16,4.907975
42-1,Conservative,government_bill,category_only,contested,307,15,4.885993
42-1,Conservative,government_bill,documented_free_excluded,all,314,7,2.229299
42-1,Conservative,government_bill,documented_free_excluded,contested,295,6,2.033898
42-1,Conservative,government_bill,uncertain_excluded,all,311,4,1.286174
42-1,Conservative,government_bill,uncertain_excluded,contested,292,3,1.027397
42-1,Conservative,government_bill,unknown_bill_as_government,all,315,7,2.222222
42-1,Conservative,government_bill,unknown_bill_as_government,contested,295,6,2.033898
42-1,Conservative,government_motion,category_only,all,18,1,5.555556
42-1,Conservative,government_motion,category_only,contested,17,0,0.0
42-1,Conservative,government_motion,documented_free_excluded,all,18,1,5.555556
42-1,Conservative,government_motion,documented_free_excluded,contested,17,0,0.0
42-1,Conservative,government_motion,uncertain_excluded,all,18,1,5.555556
42-1,Conservative,government_motion,uncertain_excluded,contested,17,0,0.0
42-1,Conservative,government_motion,unknown_bill_as_government,all,18,1,5.555556
42-1,Conservative,government_motion,unknown_bill_as_government,contested,17,0,0.0
42-1,Conservative,opposition_motion,category_only,all,87,2,2.298851
42-1,Conservative,opposition_motion,category_only,contested,80,1,1.25
42-1,Conservative,opposition_motion,documented_free_excluded,all,87,2,2.298851
42-1,Conservative,opposition_motion,documented_free_excluded,contested,80,1,1.25
42-1,Conservative,opposition_motion,uncertain_excluded,all,87,2,2.298851
42-1,Conservative,opposition_motion,uncertain_excluded,contested,80,1,1.25
42-1,Conservative,opposition_motion,unknown_bill_as_government,all,87,2,2.298851
42-1,Conservative,opposition_motion,unknown_bill_as_government,contested,80,1,1.25
42-1,Conservative,private_members_business,category_only,all,153,24,15.686275
42-1,Conservative,private_members_business,category_only,contested,96,20,20.833333
42-1,Conservative,private_members_business,documented_free_excluded,all,153,24,15.686275
42-1,Conservative,private_members_business,documented_free_excluded,contested,96,20,20.833333
42-1,Conservative,private_members_business,uncertain_excluded,all,153,24,15.686275
42-1,Conservative,private_members_business,uncertain_excluded,contested,96,20,20.833333
42-1,Conservative,private_members_business,unknown_bill_as_government,all,153,24,15.686275
42-1,Conservative,private_members_business,unknown_bill_as_government,contested,96,20,20.833333
42-1,Conservative,procedural,category_only,all,143,4,2.797203
42-1,Conservative,procedural,category_only,contested,139,4,2.877698
42-1,Conservative,procedural,documented_free_excluded,all,143,4,2.797203
42-1,Conservative,procedural,documented_free_excluded,contested,139,4,2.877698
42-1,Conservative,procedural,uncertain_excluded,all,143,4,2.797203
42-1,Conservative,procedural,uncertain_excluded,contested,139,4,2.877698
42-1,Conservative,procedural,unknown_bill_as_government,all,143,4,2.797203
42-1,Conservative,procedural,unknown_bill_as_government,contested,139,4,2.877698
42-1,Conservative,supply,category_only,all,628,1,0.159236
42-1,Conservative,supply,category_only,contested,627,0,0.0
42-1,Conservative,supply,documented_free_excluded,all,628,1,0.159236
42-1,Conservative,supply,documented_free_excluded,contested,627,0,0.0
42-1,Conservative,supply,uncertain_excluded,all,628,1,0.159236
42-1,Conservative,supply,uncertain_excluded,contested,627,0,0.0
42-1,Conservative,supply,unknown_bill_as_government,all,628,1,0.159236
42-1,Conservative,supply,unknown_bill_as_government,contested,627,0,0.0
42-1,Conservative,throne_speech,category_only,all,4,0,0.0
42-1,Conservative,throne_speech,category_only,contested,4,0,0.0
42-1,Conservative,throne_speech,documented_free_excluded,all,4,0,0.0
42-1,Conservative,throne_speech,documented_free_excluded,contested,4,0,0.0
42-1,Conservative,throne_speech,uncertain_excluded,all,4,0,0.0
42-1,Conservative,throne_speech,uncertain_excluded,contested,4,0,0.0
42-1,Conservative,throne_speech,unknown_bill_as_government,all,4,0,0.0
42-1,Conservative,throne_speech,unknown_bill_as_government,contested,4,0,0.0
42-1,Conservative,unknown_bill,category_only,all,1,0,0.0
42-1,Conservative,unknown_bill,documented_free_excluded,all,1,0,0.0
42-1,Green Party,appointment,category_only,all,2,0,0.0
42-1,Green Party,appointment,category_only,contested,1,0,0.0
42-1,Green Party,appointment,documented_free_excluded,all,2,0,0.0
42-1,Green Party,appointment,documented_free_excluded,contested,1,0,0.0
42-1,Green Party,appointment,uncertain_excluded,all,2,0,0.0
42-1,Green Party,appointment,uncertain_excluded,contested,1,0,0.0
42-1,Green Party,appointment,unknown_bill_as_government,all,2,0,0.0
42-1,Green Party,appointment,unknown_bill_as_government,contested,1,0,0.0
42-1,Green Party,committee_report,category_only,all,16,0,0.0
42-1,Green Party,committee_report,category_only,contested,9,0,0.0
42-1,Green Party,committee_report,documented_free_excluded,all,16,0,0.0
42-1,Green Party,committee_report,documented_free_excluded,contested,9,0,0.0
42-1,Green Party,committee_report,uncertain_excluded,all,16,0,0.0
42-1,Green Party,committee_report,uncertain_excluded,contested,9,0,0.0
42-1,Green Party,committee_report,unknown_bill_as_government,all,16,0,0.0
42-1,Green Party,committee_report,unknown_bill_as_government,contested,9,0,0.0
42-1,Green Party,government_bill,category_only,all,304,0,0.0
42-1,Green Party,government_bill,category_only,contested,288,0,0.0
42-1,Green Party,government_bill,documented_free_excluded,all,304,0,0.0
42-1,Green Party,government_bill,documented_free_excluded,contested,288,0,0.0
42-1,Green Party,government_bill,uncertain_excluded,all,304,0,0.0
42-1,Green Party,government_bill,uncertain_excluded,contested,288,0,0.0
42-1,Green Party,government_bill,unknown_bill_as_government,all,305,0,0.0
42-1,Green Party,government_bill,unknown_bill_as_government,contested,288,0,0.0
42-1,Green Party,government_motion,category_only,all,10,0,0.0
42-1,Green Party,government_motion,category_only,contested,10,0,0.0
42-1,Green Party,government_motion,documented_free_excluded,all,10,0,0.0
42-1,Green Party,government_motion,documented_free_excluded,contested,10,0,0.0
42-1,Green Party,government_motion,uncertain_excluded,all,10,0,0.0
42-1,Green Party,government_motion,uncertain_excluded,contested,10,0,0.0
42-1,Green Party,government_motion,unknown_bill_as_government,all,10,0,0.0
42-1,Green Party,government_motion,unknown_bill_as_government,contested,10,0,0.0
42-1,Green Party,opposition_motion,category_only,all,80,0,0.0
42-1,Green Party,opposition_motion,category_only,contested,74,0,0.0
42-1,Green Party,opposition_motion,documented_free_excluded,all,80,0,0.0
42-1,Green Party,opposition_motion,documented_free_excluded,contested,74,0,0.0
42-1,Green Party,opposition_motion,uncertain_excluded,all,80,0,0.0
42-1,Green Party,opposition_motion,uncertain_excluded,contested,74,0,0.0
42-1,Green Party,opposition_motion,unknown_bill_as_government,all,80,0,0.0
42-1,Green Party,opposition_motion,unknown_bill_as_government,contested,74,0,0.0
42-1,Green Party,private_members_business,category_only,all,134,0,0.0
42-1,Green Party,private_members_business,category_only,contested,79,0,0.0
42-1,Green Party,private_members_business,documented_free_excluded,all,134,0,0.0
42-1,Green Party,private_members_business,documented_free_excluded,contested,79,0,0.0
42-1,Green Party,private_members_business,uncertain_excluded,all,134,0,0.0
42-1,Green Party,private_members_business,uncertain_excluded,contested,79,0,0.0
42-1,Green Party,private_members_business,unknown_bill_as_government,all,134,0,0.0
42-1,Green Party,private_members_business,unknown_bill_as_government,contested,79,0,0.0
42-1,Green Party,procedural,category_only,all,122,0,0.0
42-1,Green Party,procedural,category_only,contested,118,0,0.0
42-1,Green Party,procedural,documented_free_excluded,all,122,0,0.0
42-1,Green Party,procedural,documented_free_excluded,contested,118,0,0.0
42-1,Green Party,procedural,uncertain_excluded,all,122,0,0.0
42-1,Green Party,procedural,uncertain_excluded,contested,118,0,0.0
42-1,Green Party,procedural,unknown_bill_as_government,all,122,0,0.0
42-1,Green Party,procedural,unknown_bill_as_government,contested,118,0,0.0
42-1,Green Party,supply,category_only,all,260,0,0.0
42-1,Green Party,supply,category_only,contested,260,0,0.0
42-1,Green Party,supply,documented_free_excluded,all,260,0,0.0
42-1,Green Party,supply,documented_free_excluded,contested,260,0,0.0
42-1,Green Party,supply,uncertain_excluded,all,260,0,0.0
42-1,Green Party,supply,uncertain_excluded,contested,260,0,0.0
42-1,Green Party,supply,unknown_bill_as_government,all,260,0,0.0
42-1,Green Party,supply,unknown_bill_as_government,contested,260,0,0.0
42-1,Green Party,throne_speech,category_only,all,3,0,0.0
42-1,Green Party,throne_speech,category_only,contested,3,0,0.0
42-1,Green Party,throne_speech,documented_free_excluded,all,3,0,0.0
42-1,Green Party,throne_speech,documented_free_excluded,contested,3,0,0.0
42-1,Green Party,throne_speech,uncertain_excluded,all,3,0,0.0
42-1,Green Party,throne_speech,uncertain_excluded,contested,3,0,0.0
42-1,Green Party,throne_speech,unknown_bill_as_government,all,3,0,0.0
42-1,Green Party,throne_speech,unknown_bill_as_government,contested,3,0,0.0
42-1,Green Party,unknown_bill,category_only,all,1,0,0.0
42-1,Green Party,unknown_bill,documented_free_excluded,all,1,0,0.0
42-1,Liberal,appointment,category_only,all,2,0,0.0
42-1,Liberal,appointment,category_only,contested,1,0,0.0
42-1,Liberal,appointment,documented_free_excluded,all,2,0,0.0
42-1,Liberal,appointment,documented_free_excluded,contested,1,0,0.0
42-1,Liberal,appointment,uncertain_excluded,all,2,0,0.0
42-1,Liberal,appointment,uncertain_excluded,contested,1,0,0.0
42-1,Liberal,appointment,unknown_bill_as_government,all,2,0,0.0
42-1,Liberal,appointment,unknown_bill_as_government,contested,1,0,0.0
42-1,Liberal,committee_report,category_only,all,17,3,17.647059
42-1,Liberal,committee_report,category_only,contested,9,3,33.333333
42-1,Liberal,committee_report,documented_free_excluded,all,17,3,17.647059
42-1,Liberal,committee_report,documented_free_excluded,contested,9,3,33.333333
42-1,Liberal,committee_report,uncertain_excluded,all,17,3,17.647059
42-1,Liberal,committee_report,uncertain_excluded,contested,9,3,33.333333
42-1,Liberal,committee_report,unknown_bill_as_government,all,17,3,17.647059
42-1,Liberal,committee_report,unknown_bill_as_government,contested,9,3,33.333333
42-1,Liberal,government_bill,category_only,all,326,21,6.441718
42-1,Liberal,government_bill,category_only,contested,307,20,6.514658
42-1,Liberal,government_bill,documented_free_excluded,all,314,11,3.503185
42-1,Liberal,government_bill,documented_free_excluded,contested,295,10,3.389831
42-1,Liberal,government_bill,uncertain_excluded,all,311,8,2.572347
42-1,Liberal,government_bill,uncertain_excluded,contested,292,7,2.39726
42-1,Liberal,government_bill,unknown_bill_as_government,all,315,11,3.492063
42-1,Liberal,government_bill,unknown_bill_as_government,contested,295,10,3.389831
42-1,Liberal,government_motion,category_only,all,18,0,0.0
42-1,Liberal,government_motion,category_only,contested,17,0,0.0
42-1,Liberal,government_motion,documented_free_excluded,all,18,0,0.0
42-1,Liberal,government_motion,documented_free_excluded,contested,17,0,0.0
42-1,Liberal,government_motion,uncertain_excluded,all,18,0,0.0
42-1,Liberal,government_motion,uncertain_excluded,contested,17,0,0.0
42-1,Liberal,government_motion,unknown_bill_as_government,all,18,0,0.0
42-1,Liberal,government_motion,unknown_bill_as_government,contested,17,0,0.0
42-1,Liberal,opposition_motion,category_only,all,87,12,13.793103
42-1,Liberal,opposition_motion,category_only,contested,80,12,15.0
42-1,Liberal,opposition_motion,documented_free_excluded,all,87,12,13.793103
42-1,Liberal,opposition_motion,documented_free_excluded,contested,80,12,15.0
42-1,Liberal,opposition_motion,uncertain_excluded,all,87,12,13.793103
42-1,Liberal,opposition_motion,uncertain_excluded,contested,80,12,15.0
42-1,Liberal,opposition_motion,unknown_bill_as_government,all,87,12,13.793103
42-1,Liberal,opposition_motion,unknown_bill_as_government,contested,80,12,15.0
42-1,Liberal,private_members_business,category_only,all,153,40,26.143791
42-1,Liberal,private_members_business,category_only,contested,96,39,40.625
42-1,Liberal,private_members_business,documented_free_excluded,all,153,40,26.143791
42-1,Liberal,private_members_business,documented_free_excluded,contested,96,39,40.625
42-1,Liberal,private_members_business,uncertain_excluded,all,153,40,26.143791
42-1,Liberal,private_members_business,uncertain_excluded,contested,96,39,40.625
42-1,Liberal,private_members_business,unknown_bill_as_government,all,153,40,26.143791
42-1,Liberal,private_members_business,unknown_bill_as_government,contested,96,39,40.625
42-1,Liberal,procedural,category_only,all,143,5,3.496503
42-1,Liberal,procedural,category_only,contested,139,5,3.597122
42-1,Liberal,procedural,documented_free_excluded,all,143,5,3.496503
42-1,Liberal,procedural,documented_free_excluded,contested,139,5,3.597122
42-1,Liberal,procedural,uncertain_excluded,all,143,5,3.496503
42-1,Liberal,procedural,uncertain_excluded,contested,139,5,3.597122
42-1,Liberal,procedural,unknown_bill_as_government,all,143,5,3.496503
42-1,Liberal,procedural,unknown_bill_as_government,contested,139,5,3.597122
42-1,Liberal,supply,category_only,all,628,0,0.0
42-1,Liberal,supply,category_only,contested,627,0,0.0
42-1,Liberal,supply,documented_free_excluded,all,628,0,0.0
42-1,Liberal,supply,documented_free_excluded,contested,627,0,0.0
42-1,Liberal,supply,uncertain_excluded,all,628,0,0.0
42-1,Liberal,supply,uncertain_excluded,contested,627,0,0.0
42-1,Liberal,supply,unknown_bill_as_government,all,628,0,0.0
42-1,Liberal,supply,unknown_bill_as_government,contested,627,0,0.0
42-1,Liberal,throne_speech,category_only,all,4,0,0.0
42-1,Liberal,throne_speech,category_only,contested,4,0,0.0
42-1,Liberal,throne_speech,documented_free_excluded,all,4,0,0.0
42-1,Liberal,throne_speech,documented_free_excluded,contested,4,0,0.0
42-1,Liberal,throne_speech,uncertain_excluded,all,4,0,0.0
42-1,Liberal,throne_speech,uncertain_excluded,contested,4,0,0.0
42-1,Liberal,throne_speech,unknown_bill_as_government,all,4,0,0.0
42-1,Liberal,throne_speech,unknown_bill_as_government,contested,4,0,0.0
42-1,Liberal,unknown_bill,category_only,all,1,0,0.0
42-1,Liberal,unknown_bill,documented_free_excluded,all,1,0,0.0
42-1,NDP,appointment,category_only,all,2,0,0.0
42-1,NDP,appointment,category_only,contested,1,0,0.0
42-1,NDP,appointment,documented_free_excluded,all,2,0,0.0
42-1,NDP,appointment,documented_free_excluded,contested,1,0,0.0
42-1,NDP,appointment,uncertain_excluded,all,2,0,0.0
42-1,NDP,appointment,uncertain_excluded,contested,1,0,0.0
42-1,NDP,appointment,unknown_bill_as_government,all,2,0,0.0
42-1,NDP,appointment,unknown_bill_as_government,contested,1,0,0.0
42-1,NDP,committee_report,category_only,all,17,1,5.882353
42-1,NDP,committee_report,category_only,contested,9,1,11.111111
42-1,NDP,committee_report,documented_free_excluded,all,17,1,5.882353
42-1,NDP,committee_report,documented_free_excluded,contested,9,1,11.111111
42-1,NDP,committee_report,uncertain_excluded,all,17,1,5.882353
42-1,NDP,committee_report,uncertain_excluded,contested,9,1,11.111111
42-1,NDP,committee_report,unknown_bill_as_government,all,17,1,5.882353
42-1,NDP,committee_report,unknown_bill_as_government,contested,9,1,11.111111
42-1,NDP,government_bill,category_only,all,326,7,2.147239
42-1,NDP,government_bill,category_only,contested,307,7,2.28013
42-1,NDP,government_bill,documented_free_excluded,all,314,2,0.636943
42-1,NDP,government_bill,documented_free_excluded,contested,295,2,0.677966
42-1,NDP,government_bill,uncertain_excluded,all,311,2,0.643087
42-1,NDP,government_bill,uncertain_excluded,contested,292,2,0.684932
42-1,NDP,government_bill,unknown_bill_as_government,all,315,2,0.634921
42-1,NDP,government_bill,unknown_bill_as_government,contested,295,2,0.677966
42-1,NDP,government_motion,category_only,all,18,0,0.0
42-1,NDP,government_motion,category_only,contested,17,0,0.0
42-1,NDP,government_motion,documented_free_excluded,all,18,0,0.0
42-1,NDP,government_motion,documented_free_excluded,contested,17,0,0.0
42-1,NDP,government_motion,uncertain_excluded,all,18,0,0.0
42-1,NDP,government_motion,uncertain_excluded,contested,17,0,0.0
42-1,NDP,government_motion,unknown_bill_as_government,all,18,0,0.0
42-1,NDP,government_motion,unknown_bill_as_government,contested,17,0,0.0
42-1,NDP,opposition_motion,category_only,all,87,3,3.448276
42-1,NDP,opposition_motion,category_only,contested,80,3,3.75
42-1,NDP,opposition_motion,documented_free_excluded,all,87,3,3.448276
42-1,NDP,opposition_motion,documented_free_excluded,contested,80,3,3.75
42-1,NDP,opposition_motion,uncertain_excluded,all,87,3,3.448276
42-1,NDP,opposition_motion,uncertain_excluded,contested,80,3,3.75
42-1,NDP,opposition_motion,unknown_bill_as_government,all,87,3,3.448276
42-1,NDP,opposition_motion,unknown_bill_as_government,contested,80,3,3.75
42-1,NDP,private_members_business,category_only,all,153,6,3.921569
42-1,NDP,private_members_business,category_only,contested,96,3,3.125
42-1,NDP,private_members_business,documented_free_excluded,all,153,6,3.921569
42-1,NDP,private_members_business,documented_free_excluded,contested,96,3,3.125
42-1,NDP,private_members_business,uncertain_excluded,all,153,6,3.921569
42-1,NDP,private_members_business,uncertain_excluded,contested,96,3,3.125
42-1,NDP,private_members_business,unknown_bill_as_government,all,153,6,3.921569
42-1,NDP,private_members_business,unknown_bill_as_government,contested,96,3,3.125
42-1,NDP,procedural,category_only,all,142,3,2.112676
42-1,NDP,procedural,category_only,contested,138,3,2.173913
42-1,NDP,procedural,documented_free_excluded,all,142,3,2.112676
42-1,NDP,procedural,documented_free_excluded,contested,138,3,2.173913
42-1,NDP,procedural,uncertain_excluded,all,142,3,2.112676
42-1,NDP,procedural,uncertain_excluded,contested,138,3,2.173913
42-1,NDP,procedural,unknown_bill_as_government,all,142,3,2.112676
42-1,NDP,procedural,unknown_bill_as_government,contested,138,3,2.173913
42-1,NDP,supply,category_only,all,626,1,0.159744
42-1,NDP,supply,category_only,contested,625,1,0.16
42-1,NDP,supply,documented_free_excluded,all,626,1,0.159744
42-1,NDP,supply,documented_free_excluded,contested,625,1,0.16
42-1,NDP,supply,uncertain_excluded,all,626,1,0.159744
42-1,NDP,supply,uncertain_excluded,contested,625,1,0.16
42-1,NDP,supply,unknown_bill_as_government,all,626,1,0.159744
42-1,NDP,supply,unknown_bill_as_government,contested,625,1,0.16
42-1,NDP,throne_speech,category_only,all,4,0,0.0
42-1,NDP,throne_speech,category_only,contested,4,0,0.0
42-1,NDP,throne_speech,documented_free_excluded,all,4,0,0.0
42-1,NDP,throne_speech,documented_free_excluded,contested,4,0,0.0
42-1,NDP,throne_speech,uncertain_excluded,all,4,0,0.0
42-1,NDP,throne_speech,uncertain_excluded,contested,4,0,0.0
42-1,NDP,throne_speech,unknown_bill_as_government,all,4,0,0.0
42-1,NDP,throne_speech,unknown_bill_as_government,contested,4,0,0.0
42-1,NDP,unknown_bill,category_only,all,1,0,0.0
42-1,NDP,unknown_bill,documented_free_excluded,all,1,0,0.0
43-1,Bloc Québécois,committee_report,category_only,all,1,0,0.0
43-1,Bloc Québécois,committee_report,category_only,contested,1,0,0.0
43-1,Bloc Québécois,committee_report,documented_free_excluded,all,1,0,0.0
43-1,Bloc Québécois,committee_report,documented_free_excluded,contested,1,0,0.0
43-1,Bloc Québécois,committee_report,uncertain_excluded,all,1,0,0.0
43-1,Bloc Québécois,committee_report,uncertain_excluded,contested,1,0,0.0
43-1,Bloc Québécois,committee_report,unknown_bill_as_government,all,1,0,0.0
43-1,Bloc Québécois,committee_report,unknown_bill_as_government,contested,1,0,0.0
43-1,Bloc Québécois,government_bill,category_only,all,1,0,0.0
43-1,Bloc Québécois,government_bill,category_only,contested,1,0,0.0
43-1,Bloc Québécois,government_bill,documented_free_excluded,all,1,0,0.0
43-1,Bloc Québécois,government_bill,documented_free_excluded,contested,1,0,0.0
43-1,Bloc Québécois,government_bill,uncertain_excluded,all,1,0,0.0
43-1,Bloc Québécois,government_bill,uncertain_excluded,contested,1,0,0.0
43-1,Bloc Québécois,government_bill,unknown_bill_as_government,all,1,0,0.0
43-1,Bloc Québécois,government_bill,unknown_bill_as_government,contested,1,0,0.0
43-1,Bloc Québécois,government_motion,category_only,all,3,0,0.0
43-1,Bloc Québécois,government_motion,category_only,contested,3,0,0.0
43-1,Bloc Québécois,government_motion,documented_free_excluded,all,3,0,0.0
43-1,Bloc Québécois,government_motion,documented_free_excluded,contested,3,0,0.0
43-1,Bloc Québécois,government_motion,uncertain_excluded,all,3,0,0.0
43-1,Bloc Québécois,government_motion,uncertain_excluded,contested,3,0,0.0
43-1,Bloc Québécois,government_motion,unknown_bill_as_government,all,3,0,0.0
43-1,Bloc Québécois,government_motion,unknown_bill_as_government,contested,3,0,0.0
43-1,Bloc Québécois,opposition_motion,category_only,all,8,0,0.0
43-1,Bloc Québécois,opposition_motion,category_only,contested,6,0,0.0
43-1,Bloc Québécois,opposition_motion,documented_free_excluded,all,8,0,0.0
43-1,Bloc Québécois,opposition_motion,documented_free_excluded,contested,6,0,0.0
43-1,Bloc Québécois,opposition_motion,uncertain_excluded,all,8,0,0.0
43-1,Bloc Québécois,opposition_motion,uncertain_excluded,contested,6,0,0.0
43-1,Bloc Québécois,opposition_motion,unknown_bill_as_government,all,8,0,0.0
43-1,Bloc Québécois,opposition_motion,unknown_bill_as_government,contested,6,0,0.0
43-1,Bloc Québécois,procedural,category_only,all,4,0,0.0
43-1,Bloc Québécois,procedural,category_only,contested,4,0,0.0
43-1,Bloc Québécois,procedural,documented_free_excluded,all,4,0,0.0
43-1,Bloc Québécois,procedural,documented_free_excluded,contested,4,0,0.0
43-1,Bloc Québécois,procedural,uncertain_excluded,all,4,0,0.0
43-1,Bloc Québécois,procedural,uncertain_excluded,contested,4,0,0.0
43-1,Bloc Québécois,procedural,unknown_bill_as_government,all,4,0,0.0
43-1,Bloc Québécois,procedural,unknown_bill_as_government,contested,4,0,0.0
43-1,Bloc Québécois,supply,category_only,all,5,0,0.0
43-1,Bloc Québécois,supply,category_only,contested,5,0,0.0
43-1,Bloc Québécois,supply,documented_free_excluded,all,5,0,0.0
43-1,Bloc Québécois,supply,documented_free_excluded,contested,5,0,0.0
43-1,Bloc Québécois,supply,uncertain_excluded,all,5,0,0.0
43-1,Bloc Québécois,supply,uncertain_excluded,contested,5,0,0.0
43-1,Bloc Québécois,supply,unknown_bill_as_government,all,5,0,0.0
43-1,Bloc Québécois,supply,unknown_bill_as_government,contested,5,0,0.0
43-1,Bloc Québécois,throne_speech,category_only,all,4,0,0.0
43-1,Bloc Québécois,throne_speech,category_only,contested,4,0,0.0
43-1,Bloc Québécois,throne_speech,documented_free_excluded,all,4,0,0.0
43-1,Bloc Québécois,throne_speech,documented_free_excluded,contested,4,0,0.0
43-1,Bloc Québécois,throne_speech,uncertain_excluded,all,4,0,0.0
43-1,Bloc Québécois,throne_speech,uncertain_excluded,contested,4,0,0.0
43-1,Bloc Québécois,throne_speech,unknown_bill_as_government,all,4,0,0.0
43-1,Bloc Québécois,throne_speech,unknown_bill_as_government,contested,4,0,0.0
43-1,Conservative,committee_report,category_only,all,1,0,0.0
43-1,Conservative,committee_report,category_only,contested,1,0,0.0
43-1,Conservative,committee_report,documented_free_excluded,all,1,0,0.0
43-1,Conservative,committee_report,documented_free_excluded,contested,1,0,0.0
43-1,Conservative,committee_report,uncertain_excluded,all,1,0,0.0
43-1,Conservative,committee_report,uncertain_excluded,contested,1,0,0.0
43-1,Conservative,committee_report,unknown_bill_as_government,all,1,0,0.0
43-1,Conservative,committee_report,unknown_bill_as_government,contested,1,0,0.0
43-1,Conservative,government_bill,category_only,all,1,0,0.0
43-1,Conservative,government_bill,category_only,contested,1,0,0.0
43-1,Conservative,government_bill,documented_free_excluded,all,1,0,0.0
43-1,Conservative,government_bill,documented_free_excluded,contested,1,0,0.0
43-1,Conservative,government_bill,uncertain_excluded,all,1,0,0.0
43-1,Conservative,government_bill,uncertain_excluded,contested,1,0,0.0
43-1,Conservative,government_bill,unknown_bill_as_government,all,1,0,0.0
43-1,Conservative,government_bill,unknown_bill_as_government,contested,1,0,0.0
43-1,Conservative,government_motion,category_only,all,3,0,0.0
43-1,Conservative,government_motion,category_only,contested,3,0,0.0
43-1,Conservative,government_motion,documented_free_excluded,all,3,0,0.0
43-1,Conservative,government_motion,documented_free_excluded,contested,3,0,0.0
43-1,Conservative,government_motion,uncertain_excluded,all,3,0,0.0
43-1,Conservative,government_motion,uncertain_excluded,contested,3,0,0.0
43-1,Conservative,government_motion,unknown_bill_as_government,all,3,0,0.0
43-1,Conservative,government_motion,unknown_bill_as_government,contested,3,0,0.0
43-1,Conservative,opposition_motion,category_only,all,8,0,0.0
43-1,Conservative,opposition_motion,category_only,contested,6,0,0.0
43-1,Conservative,opposition_motion,documented_free_excluded,all,8,0,0.0
43-1,Conservative,opposition_motion,documented_free_excluded,contested,6,0,0.0
43-1,Conservative,opposition_motion,uncertain_excluded,all,8,0,0.0
43-1,Conservative,opposition_motion,uncertain_excluded,contested,6,0,0.0
43-1,Conservative,opposition_motion,unknown_bill_as_government,all,8,0,0.0
43-1,Conservative,opposition_motion,unknown_bill_as_government,contested,6,0,0.0
43-1,Conservative,procedural,category_only,all,4,0,0.0
43-1,Conservative,procedural,category_only,contested,4,0,0.0
43-1,Conservative,procedural,documented_free_excluded,all,4,0,0.0
43-1,Conservative,procedural,documented_free_excluded,contested,4,0,0.0
43-1,Conservative,procedural,uncertain_excluded,all,4,0,0.0
43-1,Conservative,procedural,uncertain_excluded,contested,4,0,0.0
43-1,Conservative,procedural,unknown_bill_as_government,all,4,0,0.0
43-1,Conservative,procedural,unknown_bill_as_government,contested,4,0,0.0
43-1,Conservative,supply,category_only,all,5,0,0.0
43-1,Conservative,supply,category_only,contested,5,0,0.0
43-1,Conservative,supply,documented_free_excluded,all,5,0,0.0
43-1,Conservative,supply,documented_free_excluded,contested,5,0,0.0
43-1,Conservative,supply,uncertain_excluded,all,5,0,0.0
43-1,Conservative,supply,uncertain_excluded,contested,5,0,0.0
43-1,Conservative,supply,unknown_bill_as_government,all,5,0,0.0
43-1,Conservative,supply,unknown_bill_as_government,contested,5,0,0.0
43-1,Conservative,throne_speech,category_only,all,4,0,0.0
43-1,Conservative,throne_speech,category_only,contested,4,0,0.0
43-1,Conservative,throne_speech,documented_free_excluded,all,4,0,0.0
43-1,Conservative,throne_speech,documented_free_excluded,contested,4,0,0.0
43-1,Conservative,throne_speech,uncertain_excluded,all,4,0,0.0
43-1,Conservative,throne_speech,uncertain_excluded,contested,4,0,0.0
43-1,Conservative,throne_speech,unknown_bill_as_government,all,4,0,0.0
43-1,Conservative,throne_speech,unknown_bill_as_government,contested,4,0,0.0
43-1,Green Party,committee_report,category_only,all,1,0,0.0
43-1,Green Party,committee_report,category_only,contested,1,0,0.0
43-1,Green Party,committee_report,documented_free_excluded,all,1,0,0.0
43-1,Green Party,committee_report,documented_free_excluded,contested,1,0,0.0
43-1,Green Party,committee_report,uncertain_excluded,all,1,0,0.0
43-1,Green Party,committee_report,uncertain_excluded,contested,1,0,0.0
43-1,Green Party,committee_report,unknown_bill_as_government,all,1,0,0.0
43-1,Green Party,committee_report,unknown_bill_as_government,contested,1,0,0.0
43-1,Green Party,government_bill,category_only,all,1,0,0.0
43-1,Green Party,government_bill,category_only,contested,1,0,0.0
43-1,Green Party,government_bill,documented_free_excluded,all,1,0,0.0
43-1,Green Party,government_bill,documented_free_excluded,contested,1,0,0.0
43-1,Green Party,government_bill,uncertain_excluded,all,1,0,0.0
43-1,Green Party,government_bill,uncertain_excluded,contested,1,0,0.0
43-1,Green Party,government_bill,unknown_bill_as_government,all,1,0,0.0
43-1,Green Party,government_bill,unknown_bill_as_government,contested,1,0,0.0
43-1,Green Party,government_motion,category_only,all,3,0,0.0
43-1,Green Party,government_motion,category_only,contested,3,0,0.0
43-1,Green Party,government_motion,documented_free_excluded,all,3,0,0.0
43-1,Green Party,government_motion,documented_free_excluded,contested,3,0,0.0
43-1,Green Party,government_motion,uncertain_excluded,all,3,0,0.0
43-1,Green Party,government_motion,uncertain_excluded,contested,3,0,0.0
43-1,Green Party,government_motion,unknown_bill_as_government,all,3,0,0.0
43-1,Green Party,government_motion,unknown_bill_as_government,contested,3,0,0.0
43-1,Green Party,opposition_motion,category_only,all,8,0,0.0
43-1,Green Party,opposition_motion,category_only,contested,6,0,0.0
43-1,Green Party,opposition_motion,documented_free_excluded,all,8,0,0.0
43-1,Green Party,opposition_motion,documented_free_excluded,contested,6,0,0.0
43-1,Green Party,opposition_motion,uncertain_excluded,all,8,0,0.0
43-1,Green Party,opposition_motion,uncertain_excluded,contested,6,0,0.0
43-1,Green Party,opposition_motion,unknown_bill_as_government,all,8,0,0.0
43-1,Green Party,opposition_motion,unknown_bill_as_government,contested,6,0,0.0
43-1,Green Party,procedural,category_only,all,4,0,0.0
43-1,Green Party,procedural,category_only,contested,4,0,0.0
43-1,Green Party,procedural,documented_free_excluded,all,4,0,0.0
43-1,Green Party,procedural,documented_free_excluded,contested,4,0,0.0
43-1,Green Party,procedural,uncertain_excluded,all,4,0,0.0
43-1,Green Party,procedural,uncertain_excluded,contested,4,0,0.0
43-1,Green Party,procedural,unknown_bill_as_government,all,4,0,0.0
43-1,Green Party,procedural,unknown_bill_as_government,contested,4,0,0.0
43-1,Green Party,supply,category_only,all,1,0,0.0
43-1,Green Party,supply,category_only,contested,1,0,0.0
43-1,Green Party,supply,documented_free_excluded,all,1,0,0.0
43-1,Green Party,supply,documented_free_excluded,contested,1,0,0.0
43-1,Green Party,supply,uncertain_excluded,all,1,0,0.0
43-1,Green Party,supply,uncertain_excluded,contested,1,0,0.0
43-1,Green Party,supply,unknown_bill_as_government,all,1,0,0.0
43-1,Green Party,supply,unknown_bill_as_government,contested,1,0,0.0
43-1,Green Party,throne_speech,category_only,all,4,0,0.0
43-1,Green Party,throne_speech,category_only,contested,4,0,0.0
43-1,Green Party,throne_speech,documented_free_excluded,all,4,0,0.0
43-1,Green Party,throne_speech,documented_free_excluded,contested,4,0,0.0
43-1,Green Party,throne_speech,uncertain_excluded,all,4,0,0.0
43-1,Green Party,throne_speech,uncertain_excluded,contested,4,0,0.0
43-1,Green Party,throne_speech,unknown_bill_as_government,all,4,0,0.0
43-1,Green Party,throne_speech,unknown_bill_as_government,contested,4,0,0.0
43-1,Liberal,committee_report,category_only,all,1,0,0.0
43-1,Liberal,committee_report,category_only,contested,1,0,0.0
43-1,Liberal,committee_report,documented_free_excluded,all,1,0,0.0
43-1,Liberal,committee_report,documented_free_excluded,contested,1,0,0.0
43-1,Liberal,committee_report,uncertain_excluded,all,1,0,0.0
43-1,Liberal,committee_report,uncertain_excluded,contested,1,0,0.0
43-1,Liberal,committee_report,unknown_bill_as_government,all,1,0,0.0
43-1,Liberal,committee_report,unknown_bill_as_government,contested,1,0,0.0
43-1,Liberal,government_bill,category_only,all,1,0,0.0
43-1,Liberal,government_bill,category_only,contested,1,0,0.0
43-1,Liberal,government_bill,documented_free_excluded,all,1,0,0.0
43-1,Liberal,government_bill,documented_free_excluded,contested,1,0,0.0
43-1,Liberal,government_bill,uncertain_excluded,all,1,0,0.0
43-1,Liberal,government_bill,uncertain_excluded,contested,1,0,0.0
43-1,Liberal,government_bill,unknown_bill_as_government,all,1,0,0.0
43-1,Liberal,government_bill,unknown_bill_as_government,contested,1,0,0.0
43-1,Liberal,government_motion,category_only,all,3,0,0.0
43-1,Liberal,government_motion,category_only,contested,3,0,0.0
43-1,Liberal,government_motion,documented_free_excluded,all,3,0,0.0
43-1,Liberal,government_motion,documented_free_excluded,contested,3,0,0.0
43-1,Liberal,government_motion,uncertain_excluded,all,3,0,0.0
43-1,Liberal,government_motion,uncertain_excluded,contested,3,0,0.0
43-1,Liberal,government_motion,unknown_bill_as_government,all,3,0,0.0
43-1,Liberal,government_motion,unknown_bill_as_government,contested,3,0,0.0
43-1,Liberal,opposition_motion,category_only,all,8,1,12.5
43-1,Liberal,opposition_motion,category_only,contested,6,1,16.666667
43-1,Liberal,opposition_motion,documented_free_excluded,all,8,1,12.5
43-1,Liberal,opposition_motion,documented_free_excluded,contested,6,1,16.666667
43-1,Liberal,opposition_motion,uncertain_excluded,all,8,1,12.5
43-1,Liberal,opposition_motion,uncertain_excluded,contested,6,1,16.666667
43-1,Liberal,opposition_motion,unknown_bill_as_government,all,8,1,12.5
43-1,Liberal,opposition_motion,unknown_bill_as_government,contested,6,1,16.666667
43-1,Liberal,procedural,category_only,all,4,0,0.0
43-1,Liberal,procedural,category_only,contested,4,0,0.0
43-1,Liberal,procedural,documented_free_excluded,all,4,0,0.0
43-1,Liberal,procedural,documented_free_excluded,contested,4,0,0.0
43-1,Liberal,procedural,uncertain_excluded,all,4,0,0.0
43-1,Liberal,procedural,uncertain_excluded,contested,4,0,0.0
43-1,Liberal,procedural,unknown_bill_as_government,all,4,0,0.0
43-1,Liberal,procedural,unknown_bill_as_government,contested,4,0,0.0
43-1,Liberal,supply,category_only,all,5,0,0.0
43-1,Liberal,supply,category_only,contested,5,0,0.0
43-1,Liberal,supply,documented_free_excluded,all,5,0,0.0
43-1,Liberal,supply,documented_free_excluded,contested,5,0,0.0
43-1,Liberal,supply,uncertain_excluded,all,5,0,0.0
43-1,Liberal,supply,uncertain_excluded,contested,5,0,0.0
43-1,Liberal,supply,unknown_bill_as_government,all,5,0,0.0
43-1,Liberal,supply,unknown_bill_as_government,contested,5,0,0.0
43-1,Liberal,throne_speech,category_only,all,4,0,0.0
43-1,Liberal,throne_speech,category_only,contested,4,0,0.0
43-1,Liberal,throne_speech,documented_free_excluded,all,4,0,0.0
43-1,Liberal,throne_speech,documented_free_excluded,contested,4,0,0.0
43-1,Liberal,throne_speech,uncertain_excluded,all,4,0,0.0
43-1,Liberal,throne_speech,uncertain_excluded,contested,4,0,0.0
43-1,Liberal,throne_speech,unknown_bill_as_government,all,4,0,0.0
43-1,Liberal,throne_speech,unknown_bill_as_government,contested,4,0,0.0
43-1,NDP,committee_report,category_only,all,1,0,0.0
43-1,NDP,committee_report,category_only,contested,1,0,0.0
43-1,NDP,committee_report,documented_free_excluded,all,1,0,0.0
43-1,NDP,committee_report,documented_free_excluded,contested,1,0,0.0
43-1,NDP,committee_report,uncertain_excluded,all,1,0,0.0
43-1,NDP,committee_report,uncertain_excluded,contested,1,0,0.0
43-1,NDP,committee_report,unknown_bill_as_government,all,1,0,0.0
43-1,NDP,committee_report,unknown_bill_as_government,contested,1,0,0.0
43-1,NDP,government_bill,category_only,all,1,0,0.0
43-1,NDP,government_bill,category_only,contested,1,0,0.0
43-1,NDP,government_bill,documented_free_excluded,all,1,0,0.0
43-1,NDP,government_bill,documented_free_excluded,contested,1,0,0.0
43-1,NDP,government_bill,uncertain_excluded,all,1,0,0.0
43-1,NDP,government_bill,uncertain_excluded,contested,1,0,0.0
43-1,NDP,government_bill,unknown_bill_as_government,all,1,0,0.0
43-1,NDP,government_bill,unknown_bill_as_government,contested,1,0,0.0
43-1,NDP,government_motion,category_only,all,3,0,0.0
43-1,NDP,government_motion,category_only,contested,3,0,0.0
43-1,NDP,government_motion,documented_free_excluded,all,3,0,0.0
43-1,NDP,government_motion,documented_free_excluded,contested,3,0,0.0
43-1,NDP,government_motion,uncertain_excluded,all,3,0,0.0
43-1,NDP,government_motion,uncertain_excluded,contested,3,0,0.0
43-1,NDP,government_motion,unknown_bill_as_government,all,3,0,0.0
43-1,NDP,government_motion,unknown_bill_as_government,contested,3,0,0.0
43-1,NDP,opposition_motion,category_only,all,8,0,0.0
43-1,NDP,opposition_motion,category_only,contested,6,0,0.0
43-1,NDP,opposition_motion,documented_free_excluded,all,8,0,0.0
43-1,NDP,opposition_motion,documented_free_excluded,contested,6,0,0.0
43-1,NDP,opposition_motion,uncertain_excluded,all,8,0,0.0
43-1,NDP,opposition_motion,uncertain_excluded,contested,6,0,0.0
43-1,NDP,opposition_motion,unknown_bill_as_government,all,8,0,0.0
43-1,NDP,opposition_motion,unknown_bill_as_government,contested,6,0,0.0
43-1,NDP,procedural,category_only,all,4,0,0.0
43-1,NDP,procedural,category_only,contested,4,0,0.0
43-1,NDP,procedural,documented_free_excluded,all,4,0,0.0
43-1,NDP,procedural,documented_free_excluded,contested,4,0,0.0
43-1,NDP,procedural,uncertain_excluded,all,4,0,0.0
43-1,NDP,procedural,uncertain_excluded,contested,4,0,0.0
43-1,NDP,procedural,unknown_bill_as_government,all,4,0,0.0
43-1,NDP,procedural,unknown_bill_as_government,contested,4,0,0.0
43-1,NDP,supply,category_only,all,5,0,0.0
43-1,NDP,supply,category_only,contested,5,0,0.0
43-1,NDP,supply,documented_free_excluded,all,5,0,0.0
43-1,NDP,supply,documented_free_excluded,contested,5,0,0.0
43-1,NDP,supply,uncertain_excluded,all,5,0,0.0
43-1,NDP,supply,uncertain_excluded,contested,5,0,0.0
43-1,NDP,supply,unknown_bill_as_government,all,5,0,0.0
43-1,NDP,supply,unknown_bill_as_government,contested,5,0,0.0
43-1,NDP,throne_speech,category_only,all,4,0,0.0
43-1,NDP,throne_speech,category_only,contested,4,0,0.0
43-1,NDP,throne_speech,documented_free_excluded,all,4,0,0.0
43-1,NDP,throne_speech,documented_free_excluded,contested,4,0,0.0
43-1,NDP,throne_speech,uncertain_excluded,all,4,0,0.0
43-1,NDP,throne_speech,uncertain_excluded,contested,4,0,0.0
43-1,NDP,throne_speech,unknown_bill_as_government,all,4,0,0.0
43-1,NDP,throne_speech,unknown_bill_as_government,contested,4,0,0.0
43-2,Bloc Québécois,committee_report,category_only,all,5,0,0.0
43-2,Bloc Québécois,committee_report,category_only,contested,2,0,0.0
43-2,Bloc Québécois,committee_report,documented_free_excluded,all,5,0,0.0
43-2,Bloc Québécois,committee_report,documented_free_excluded,contested,2,0,0.0
43-2,Bloc Québécois,committee_report,uncertain_excluded,all,5,0,0.0
43-2,Bloc Québécois,committee_report,uncertain_excluded,contested,2,0,0.0
43-2,Bloc Québécois,committee_report,unknown_bill_as_government,all,5,0,0.0
43-2,Bloc Québécois,committee_report,unknown_bill_as_government,contested,2,0,0.0
43-2,Bloc Québécois,government_bill,category_only,all,44,0,0.0
43-2,Bloc Québécois,government_bill,category_only,contested,36,0,0.0
43-2,Bloc Québécois,government_bill,documented_free_excluded,all,44,0,0.0
43-2,Bloc Québécois,government_bill,documented_free_excluded,contested,36,0,0.0
43-2,Bloc Québécois,government_bill,uncertain_excluded,all,44,0,0.0
43-2,Bloc Québécois,government_bill,uncertain_excluded,contested,36,0,0.0
43-2,Bloc Québécois,government_bill,unknown_bill_as_government,all,44,0,0.0
43-2,Bloc Québécois,government_bill,unknown_bill_as_government,contested,36,0,0.0
43-2,Bloc Québécois,government_motion,category_only,all,8,0,0.0
43-2,Bloc Québécois,government_motion,category_only,contested,8,0,0.0
43-2,Bloc Québécois,government_motion,documented_free_excluded,all,8,0,0.0
43-2,Bloc Québécois,government_motion,documented_free_excluded,contested,8,0,0.0
43-2,Bloc Québécois,government_motion,uncertain_excluded,all,8,0,0.0
43-2,Bloc Québécois,government_motion,uncertain_excluded,contested,8,0,0.0
43-2,Bloc Québécois,government_motion,unknown_bill_as_government,all,8,0,0.0
43-2,Bloc Québécois,government_motion,unknown_bill_as_government,contested,8,0,0.0
43-2,Bloc Québécois,opposition_motion,category_only,all,28,1,3.571429
43-2,Bloc Québécois,opposition_motion,category_only,contested,21,1,4.761905
43-2,Bloc Québécois,opposition_motion,documented_free_excluded,all,28,1,3.571429
43-2,Bloc Québécois,opposition_motion,documented_free_excluded,contested,21,1,4.761905
43-2,Bloc Québécois,opposition_motion,uncertain_excluded,all,28,1,3.571429
43-2,Bloc Québécois,opposition_motion,uncertain_excluded,contested,21,1,4.761905
43-2,Bloc Québécois,opposition_motion,unknown_bill_as_government,all,28,1,3.571429
43-2,Bloc Québécois,opposition_motion,unknown_bill_as_government,contested,21,1,4.761905
43-2,Bloc Québécois,private_members_business,category_only,all,46,0,0.0
43-2,Bloc Québécois,private_members_business,category_only,contested,37,0,0.0
43-2,Bloc Québécois,private_members_business,documented_free_excluded,all,46,0,0.0
43-2,Bloc Québécois,private_members_business,documented_free_excluded,contested,37,0,0.0
43-2,Bloc Québécois,private_members_business,uncertain_excluded,all,46,0,0.0
43-2,Bloc Québécois,private_members_business,uncertain_excluded,contested,37,0,0.0
43-2,Bloc Québécois,private_members_business,unknown_bill_as_government,all,46,0,0.0
43-2,Bloc Québécois,private_members_business,unknown_bill_as_government,contested,37,0,0.0
43-2,Bloc Québécois,procedural,category_only,all,20,2,10.0
43-2,Bloc Québécois,procedural,category_only,contested,20,2,10.0
43-2,Bloc Québécois,procedural,documented_free_excluded,all,20,2,10.0
43-2,Bloc Québécois,procedural,documented_free_excluded,contested,20,2,10.0
43-2,Bloc Québécois,procedural,uncertain_excluded,all,20,2,10.0
43-2,Bloc Québécois,procedural,uncertain_excluded,contested,20,2,10.0
43-2,Bloc Québécois,procedural,unknown_bill_as_government,all,20,2,10.0
43-2,Bloc Québécois,procedural,unknown_bill_as_government,contested,20,2,10.0
43-2,Bloc Québécois,supply,category_only,all,31,0,0.0
43-2,Bloc Québécois,supply,category_only,contested,30,0,0.0
43-2,Bloc Québécois,supply,documented_free_excluded,all,31,0,0.0
43-2,Bloc Québécois,supply,documented_free_excluded,contested,30,0,0.0
43-2,Bloc Québécois,supply,uncertain_excluded,all,31,0,0.0
43-2,Bloc Québécois,supply,uncertain_excluded,contested,30,0,0.0
43-2,Bloc Québécois,supply,unknown_bill_as_government,all,31,0,0.0
43-2,Bloc Québécois,supply,unknown_bill_as_government,contested,30,0,0.0
43-2,Bloc Québécois,throne_speech,category_only,all,3,1,33.333333
43-2,Bloc Québécois,throne_speech,category_only,contested,3,1,33.333333
43-2,Bloc Québécois,throne_speech,documented_free_excluded,all,3,1,33.333333
43-2,Bloc Québécois,throne_speech,documented_free_excluded,contested,3,1,33.333333
43-2,Bloc Québécois,throne_speech,uncertain_excluded,all,3,1,33.333333
43-2,Bloc Québécois,throne_speech,uncertain_excluded,contested,3,1,33.333333
43-2,Bloc Québécois,throne_speech,unknown_bill_as_government,all,3,1,33.333333
43-2,Bloc Québécois,throne_speech,unknown_bill_as_government,contested,3,1,33.333333
43-2,Conservative,committee_report,category_only,all,5,1,20.0
43-2,Conservative,committee_report,category_only,contested,2,1,50.0
43-2,Conservative,committee_report,documented_free_excluded,all,5,1,20.0
43-2,Conservative,committee_report,documented_free_excluded,contested,2,1,50.0
43-2,Conservative,committee_report,uncertain_excluded,all,5,1,20.0
43-2,Conservative,committee_report,uncertain_excluded,contested,2,1,50.0
43-2,Conservative,committee_report,unknown_bill_as_government,all,5,1,20.0
43-2,Conservative,committee_report,unknown_bill_as_government,contested,2,1,50.0
43-2,Conservative,government_bill,category_only,all,44,6,13.636364
43-2,Conservative,government_bill,category_only,contested,36,5,13.888889
43-2,Conservative,government_bill,documented_free_excluded,all,44,6,13.636364
43-2,Conservative,government_bill,documented_free_excluded,contested,36,5,13.888889
43-2,Conservative,government_bill,uncertain_excluded,all,44,6,13.636364
43-2,Conservative,government_bill,uncertain_excluded,contested,36,5,13.888889
43-2,Conservative,government_bill,unknown_bill_as_government,all,44,6,13.636364
43-2,Conservative,government_bill,unknown_bill_as_government,contested,36,5,13.888889
43-2,Conservative,government_motion,category_only,all,8,1,12.5
43-2,Conservative,government_motion,category_only,contested,8,1,12.5
43-2,Conservative,government_motion,documented_free_excluded,all,8,1,12.5
43-2,Conservative,government_motion,documented_free_excluded,contested,8,1,12.5
43-2,Conservative,government_motion,uncertain_excluded,all,8,1,12.5
43-2,Conservative,government_motion,uncertain_excluded,contested,8,1,12.5
43-2,Conservative,government_motion,unknown_bill_as_government,all,8,1,12.5
43-2,Conservative,government_motion,unknown_bill_as_government,contested,8,1,12.5
43-2,Conservative,opposition_motion,category_only,all,28,0,0.0
43-2,Conservative,opposition_motion,category_only,contested,21,0,0.0
43-2,Conservative,opposition_motion,documented_free_excluded,all,28,0,0.0
43-2,Conservative,opposition_motion,documented_free_excluded,contested,21,0,0.0
43-2,Conservative,opposition_motion,uncertain_excluded,all,28,0,0.0
43-2,Conservative,opposition_motion,uncertain_excluded,contested,21,0,0.0
43-2,Conservative,opposition_motion,unknown_bill_as_government,all,28,0,0.0
43-2,Conservative,opposition_motion,unknown_bill_as_government,contested,21,0,0.0
43-2,Conservative,private_members_business,category_only,all,46,7,15.217391
43-2,Conservative,private_members_business,category_only,contested,37,6,16.216216
43-2,Conservative,private_members_business,documented_free_excluded,all,46,7,15.217391
43-2,Conservative,private_members_business,documented_free_excluded,contested,37,6,16.216216
43-2,Conservative,private_members_business,uncertain_excluded,all,46,7,15.217391
43-2,Conservative,private_members_business,uncertain_excluded,contested,37,6,16.216216
43-2,Conservative,private_members_business,unknown_bill_as_government,all,46,7,15.217391
43-2,Conservative,private_members_business,unknown_bill_as_government,contested,37,6,16.216216
43-2,Conservative,procedural,category_only,all,19,1,5.263158
43-2,Conservative,procedural,category_only,contested,19,1,5.263158
43-2,Conservative,procedural,documented_free_excluded,all,19,1,5.263158
43-2,Conservative,procedural,documented_free_excluded,contested,19,1,5.263158
43-2,Conservative,procedural,uncertain_excluded,all,19,1,5.263158
43-2,Conservative,procedural,uncertain_excluded,contested,19,1,5.263158
43-2,Conservative,procedural,unknown_bill_as_government,all,19,1,5.263158
43-2,Conservative,procedural,unknown_bill_as_government,contested,19,1,5.263158
43-2,Conservative,supply,category_only,all,31,0,0.0
43-2,Conservative,supply,category_only,contested,30,0,0.0
43-2,Conservative,supply,documented_free_excluded,all,31,0,0.0
43-2,Conservative,supply,documented_free_excluded,contested,30,0,0.0
43-2,Conservative,supply,uncertain_excluded,all,31,0,0.0
43-2,Conservative,supply,uncertain_excluded,contested,30,0,0.0
43-2,Conservative,supply,unknown_bill_as_government,all,31,0,0.0
43-2,Conservative,supply,unknown_bill_as_government,contested,30,0,0.0
43-2,Conservative,throne_speech,category_only,all,3,0,0.0
43-2,Conservative,throne_speech,category_only,contested,3,0,0.0
43-2,Conservative,throne_speech,documented_free_excluded,all,3,0,0.0
43-2,Conservative,throne_speech,documented_free_excluded,contested,3,0,0.0
43-2,Conservative,throne_speech,uncertain_excluded,all,3,0,0.0
43-2,Conservative,throne_speech,uncertain_excluded,contested,3,0,0.0
43-2,Conservative,throne_speech,unknown_bill_as_government,all,3,0,0.0
43-2,Conservative,throne_speech,unknown_bill_as_government,contested,3,0,0.0
43-2,Green Party,committee_report,category_only,all,5,0,0.0
43-2,Green Party,committee_report,category_only,contested,2,0,0.0
43-2,Green Party,committee_report,documented_free_excluded,all,5,0,0.0
43-2,Green Party,committee_report,documented_free_excluded,contested,2,0,0.0
43-2,Green Party,committee_report,uncertain_excluded,all,5,0,0.0
43-2,Green Party,committee_report,uncertain_excluded,contested,2,0,0.0
43-2,Green Party,committee_report,unknown_bill_as_government,all,5,0,0.0
43-2,Green Party,committee_report,unknown_bill_as_government,contested,2,0,0.0
43-2,Green Party,government_bill,category_only,all,43,2,4.651163
43-2,Green Party,government_bill,category_only,contested,35,2,5.714286
43-2,Green Party,government_bill,documented_free_excluded,all,43,2,4.651163
43-2,Green Party,government_bill,documented_free_excluded,contested,35,2,5.714286
43-2,Green Party,government_bill,uncertain_excluded,all,43,2,4.651163
43-2,Green Party,government_bill,uncertain_excluded,contested,35,2,5.714286
43-2,Green Party,government_bill,unknown_bill_as_government,all,43,2,4.651163
43-2,Green Party,government_bill,unknown_bill_as_government,contested,35,2,5.714286
43-2,Green Party,government_motion,category_only,all,8,0,0.0
43-2,Green Party,government_motion,category_only,contested,8,0,0.0
43-2,Green Party,government_motion,documented_free_excluded,all,8,0,0.0
43-2,Green Party,government_motion,documented_free_excluded,contested,8,0,0.0
43-2,Green Party,government_motion,uncertain_excluded,all,8,0,0.0
43-2,Green Party,government_motion,uncertain_excluded,contested,8,0,0.0
43-2,Green Party,government_motion,unknown_bill_as_government,all,8,0,0.0
43-2,Green Party,government_motion,unknown_bill_as_government,contested,8,0,0.0
43-2,Green Party,opposition_motion,category_only,all,28,0,0.0
43-2,Green Party,opposition_motion,category_only,contested,21,0,0.0
43-2,Green Party,opposition_motion,documented_free_excluded,all,28,0,0.0
43-2,Green Party,opposition_motion,documented_free_excluded,contested,21,0,0.0
43-2,Green Party,opposition_motion,uncertain_excluded,all,28,0,0.0
43-2,Green Party,opposition_motion,uncertain_excluded,contested,21,0,0.0
43-2,Green Party,opposition_motion,unknown_bill_as_government,all,28,0,0.0
43-2,Green Party,opposition_motion,unknown_bill_as_government,contested,21,0,0.0
43-2,Green Party,private_members_business,category_only,all,46,2,4.347826
43-2,Green Party,private_members_business,category_only,contested,37,2,5.405405
43-2,Green Party,private_members_business,documented_free_excluded,all,46,2,4.347826
43-2,Green Party,private_members_business,documented_free_excluded,contested,37,2,5.405405
43-2,Green Party,private_members_business,uncertain_excluded,all,46,2,4.347826
43-2,Green Party,private_members_business,uncertain_excluded,contested,37,2,5.405405
43-2,Green Party,private_members_business,unknown_bill_as_government,all,46,2,4.347826
43-2,Green Party,private_members_business,unknown_bill_as_government,contested,37,2,5.405405
43-2,Green Party,procedural,category_only,all,20,0,0.0
43-2,Green Party,procedural,category_only,contested,20,0,0.0
43-2,Green Party,procedural,documented_free_excluded,all,20,0,0.0
43-2,Green Party,procedural,documented_free_excluded,contested,20,0,0.0
43-2,Green Party,procedural,uncertain_excluded,all,20,0,0.0
43-2,Green Party,procedural,uncertain_excluded,contested,20,0,0.0
43-2,Green Party,procedural,unknown_bill_as_government,all,20,0,0.0
43-2,Green Party,procedural,unknown_bill_as_government,contested,20,0,0.0
43-2,Green Party,supply,category_only,all,31,1,3.225806
43-2,Green Party,supply,category_only,contested,30,1,3.333333
43-2,Green Party,supply,documented_free_excluded,all,31,1,3.225806
43-2,Green Party,supply,documented_free_excluded,contested,30,1,3.333333
43-2,Green Party,supply,uncertain_excluded,all,31,1,3.225806
43-2,Green Party,supply,uncertain_excluded,contested,30,1,3.333333
43-2,Green Party,supply,unknown_bill_as_government,all,31,1,3.225806
43-2,Green Party,supply,unknown_bill_as_government,contested,30,1,3.333333
43-2,Green Party,throne_speech,category_only,all,3,0,0.0
43-2,Green Party,throne_speech,category_only,contested,3,0,0.0
43-2,Green Party,throne_speech,documented_free_excluded,all,3,0,0.0
43-2,Green Party,throne_speech,documented_free_excluded,contested,3,0,0.0
43-2,Green Party,throne_speech,uncertain_excluded,all,3,0,0.0
43-2,Green Party,throne_speech,uncertain_excluded,contested,3,0,0.0
43-2,Green Party,throne_speech,unknown_bill_as_government,all,3,0,0.0
43-2,Green Party,throne_speech,unknown_bill_as_government,contested,3,0,0.0
43-2,Liberal,committee_report,category_only,all,5,1,20.0
43-2,Liberal,committee_report,category_only,contested,2,1,50.0
43-2,Liberal,committee_report,documented_free_excluded,all,5,1,20.0
43-2,Liberal,committee_report,documented_free_excluded,contested,2,1,50.0
43-2,Liberal,committee_report,uncertain_excluded,all,5,1,20.0
43-2,Liberal,committee_report,uncertain_excluded,contested,2,1,50.0
43-2,Liberal,committee_report,unknown_bill_as_government,all,5,1,20.0
43-2,Liberal,committee_report,unknown_bill_as_government,contested,2,1,50.0
43-2,Liberal,government_bill,category_only,all,44,6,13.636364
43-2,Liberal,government_bill,category_only,contested,36,6,16.666667
43-2,Liberal,government_bill,documented_free_excluded,all,44,6,13.636364
43-2,Liberal,government_bill,documented_free_excluded,contested,36,6,16.666667
43-2,Liberal,government_bill,uncertain_excluded,all,44,6,13.636364
43-2,Liberal,government_bill,uncertain_excluded,contested,36,6,16.666667
43-2,Liberal,government_bill,unknown_bill_as_government,all,44,6,13.636364
43-2,Liberal,government_bill,unknown_bill_as_government,contested,36,6,16.666667
43-2,Liberal,government_motion,category_only,all,8,1,12.5
43-2,Liberal,government_motion,category_only,contested,8,1,12.5
43-2,Liberal,government_motion,documented_free_excluded,all,8,1,12.5
43-2,Liberal,government_motion,documented_free_excluded,contested,8,1,12.5
43-2,Liberal,government_motion,uncertain_excluded,all,8,1,12.5
43-2,Liberal,government_motion,uncertain_excluded,contested,8,1,12.5
43-2,Liberal,government_motion,unknown_bill_as_government,all,8,1,12.5
43-2,Liberal,government_motion,unknown_bill_as_government,contested,8,1,12.5
43-2,Liberal,opposition_motion,category_only,all,27,8,29.62963
43-2,Liberal,opposition_motion,category_only,contested,21,8,38.095238
43-2,Liberal,opposition_motion,documented_free_excluded,all,27,8,29.62963
43-2,Liberal,opposition_motion,documented_free_excluded,contested,21,8,38.095238
43-2,Liberal,opposition_motion,uncertain_excluded,all,27,8,29.62963
43-2,Liberal,opposition_motion,uncertain_excluded,contested,21,8,38.095238
43-2,Liberal,opposition_motion,unknown_bill_as_government,all,27,8,29.62963
43-2,Liberal,opposition_motion,unknown_bill_as_government,contested,21,8,38.095238
43-2,Liberal,private_members_business,category_only,all,46,16,34.782609
43-2,Liberal,private_members_business,category_only,contested,37,15,40.540541
43-2,Liberal,private_members_business,documented_free_excluded,all,46,16,34.782609
43-2,Liberal,private_members_business,documented_free_excluded,contested,37,15,40.540541
43-2,Liberal,private_members_business,uncertain_excluded,all,46,16,34.782609
43-2,Liberal,private_members_business,uncertain_excluded,contested,37,15,40.540541
43-2,Liberal,private_members_business,unknown_bill_as_government,all,46,16,34.782609
43-2,Liberal,private_members_business,unknown_bill_as_government,contested,37,15,40.540541
43-2,Liberal,procedural,category_only,all,20,2,10.0
43-2,Liberal,procedural,category_only,contested,20,2,10.0
43-2,Liberal,procedural,documented_free_excluded,all,20,2,10.0
43-2,Liberal,procedural,documented_free_excluded,contested,20,2,10.0
43-2,Liberal,procedural,uncertain_excluded,all,20,2,10.0
43-2,Liberal,procedural,uncertain_excluded,contested,20,2,10.0
43-2,Liberal,procedural,unknown_bill_as_government,all,20,2,10.0
43-2,Liberal,procedural,unknown_bill_as_government,contested,20,2,10.0
43-2,Liberal,supply,category_only,all,31,0,0.0
43-2,Liberal,supply,category_only,contested,30,0,0.0
43-2,Liberal,supply,documented_free_excluded,all,31,0,0.0
43-2,Liberal,supply,documented_free_excluded,contested,30,0,0.0
43-2,Liberal,supply,uncertain_excluded,all,31,0,0.0
43-2,Liberal,supply,uncertain_excluded,contested,30,0,0.0
43-2,Liberal,supply,unknown_bill_as_government,all,31,0,0.0
43-2,Liberal,supply,unknown_bill_as_government,contested,30,0,0.0
43-2,Liberal,throne_speech,category_only,all,3,0,0.0
43-2,Liberal,throne_speech,category_only,contested,3,0,0.0
43-2,Liberal,throne_speech,documented_free_excluded,all,3,0,0.0
43-2,Liberal,throne_speech,documented_free_excluded,contested,3,0,0.0
43-2,Liberal,throne_speech,uncertain_excluded,all,3,0,0.0
43-2,Liberal,throne_speech,uncertain_excluded,contested,3,0,0.0
43-2,Liberal,throne_speech,unknown_bill_as_government,all,3,0,0.0
43-2,Liberal,throne_speech,unknown_bill_as_government,contested,3,0,0.0
43-2,NDP,committee_report,category_only,all,5,0,0.0
43-2,NDP,committee_report,category_only,contested,2,0,0.0
43-2,NDP,committee_report,documented_free_excluded,all,5,0,0.0
43-2,NDP,committee_report,documented_free_excluded,contested,2,0,0.0
43-2,NDP,committee_report,uncertain_excluded,all,5,0,0.0
43-2,NDP,committee_report,uncertain_excluded,contested,2,0,0.0
43-2,NDP,committee_report,unknown_bill_as_government,all,5,0,0.0
43-2,NDP,committee_report,unknown_bill_as_government,contested,2,0,0.0
43-2,NDP,government_bill,category_only,all,44,1,2.272727
43-2,NDP,government_bill,category_only,contested,36,1,2.777778
43-2,NDP,government_bill,documented_free_excluded,all,44,1,2.272727
43-2,NDP,government_bill,documented_free_excluded,contested,36,1,2.777778
43-2,NDP,government_bill,uncertain_excluded,all,44,1,2.272727
43-2,NDP,government_bill,uncertain_excluded,contested,36,1,2.777778
43-2,NDP,government_bill,unknown_bill_as_government,all,44,1,2.272727
43-2,NDP,government_bill,unknown_bill_as_government,contested,36,1,2.777778
43-2,NDP,government_motion,category_only,all,8,0,0.0
43-2,NDP,government_motion,category_only,contested,8,0,0.0
43-2,NDP,government_motion,documented_free_excluded,all,8,0,0.0
43-2,NDP,government_motion,documented_free_excluded,contested,8,0,0.0
43-2,NDP,government_motion,uncertain_excluded,all,8,0,0.0
43-2,NDP,government_motion,uncertain_excluded,contested,8,0,0.0
43-2,NDP,government_motion,unknown_bill_as_government,all,8,0,0.0
43-2,NDP,government_motion,unknown_bill_as_government,contested,8,0,0.0
43-2,NDP,opposition_motion,category_only,all,28,0,0.0
43-2,NDP,opposition_motion,category_only,contested,21,0,0.0
43-2,NDP,opposition_motion,documented_free_excluded,all,28,0,0.0
43-2,NDP,opposition_motion,documented_free_excluded,contested,21,0,0.0
43-2,NDP,opposition_motion,uncertain_excluded,all,28,0,0.0
43-2,NDP,opposition_motion,uncertain_excluded,contested,21,0,0.0
43-2,NDP,opposition_motion,unknown_bill_as_government,all,28,0,0.0
43-2,NDP,opposition_motion,unknown_bill_as_government,contested,21,0,0.0
43-2,NDP,private_members_business,category_only,all,46,0,0.0
43-2,NDP,private_members_business,category_only,contested,37,0,0.0
43-2,NDP,private_members_business,documented_free_excluded,all,46,0,0.0
43-2,NDP,private_members_business,documented_free_excluded,contested,37,0,0.0
43-2,NDP,private_members_business,uncertain_excluded,all,46,0,0.0
43-2,NDP,private_members_business,uncertain_excluded,contested,37,0,0.0
43-2,NDP,private_members_business,unknown_bill_as_government,all,46,0,0.0
43-2,NDP,private_members_business,unknown_bill_as_government,contested,37,0,0.0
43-2,NDP,procedural,category_only,all,20,0,0.0
43-2,NDP,procedural,category_only,contested,20,0,0.0
43-2,NDP,procedural,documented_free_excluded,all,20,0,0.0
43-2,NDP,procedural,documented_free_excluded,contested,20,0,0.0
43-2,NDP,procedural,uncertain_excluded,all,20,0,0.0
43-2,NDP,procedural,uncertain_excluded,contested,20,0,0.0
43-2,NDP,procedural,unknown_bill_as_government,all,20,0,0.0
43-2,NDP,procedural,unknown_bill_as_government,contested,20,0,0.0
43-2,NDP,supply,category_only,all,31,1,3.225806
43-2,NDP,supply,category_only,contested,30,1,3.333333
43-2,NDP,supply,documented_free_excluded,all,31,1,3.225806
43-2,NDP,supply,documented_free_excluded,contested,30,1,3.333333
43-2,NDP,supply,uncertain_excluded,all,31,1,3.225806
43-2,NDP,supply,uncertain_excluded,contested,30,1,3.333333
43-2,NDP,supply,unknown_bill_as_government,all,31,1,3.225806
43-2,NDP,supply,unknown_bill_as_government,contested,30,1,3.333333
43-2,NDP,throne_speech,category_only,all,3,1,33.333333
43-2,NDP,throne_speech,category_only,contested,3,1,33.333333
43-2,NDP,throne_speech,documented_free_excluded,all,3,1,33.333333
43-2,NDP,throne_speech,documented_free_excluded,contested,3,1,33.333333
43-2,NDP,throne_speech,uncertain_excluded,all,3,1,33.333333
43-2,NDP,throne_speech,uncertain_excluded,contested,3,1,33.333333
43-2,NDP,throne_speech,unknown_bill_as_government,all,3,1,33.333333
43-2,NDP,throne_speech,unknown_bill_as_government,contested,3,1,33.333333
44-1,Bloc Québécois,appointment,category_only,all,2,0,0.0
44-1,Bloc Québécois,appointment,category_only,contested,1,0,0.0
44-1,Bloc Québécois,appointment,documented_free_excluded,all,2,0,0.0
44-1,Bloc Québécois,appointment,documented_free_excluded,contested,1,0,0.0
44-1,Bloc Québécois,appointment,uncertain_excluded,all,2,0,0.0
44-1,Bloc Québécois,appointment,uncertain_excluded,contested,1,0,0.0
44-1,Bloc Québécois,appointment,unknown_bill_as_government,all,2,0,0.0
44-1,Bloc Québécois,appointment,unknown_bill_as_government,contested,1,0,0.0
44-1,Bloc Québécois,committee_report,category_only,all,90,0,0.0
44-1,Bloc Québécois,committee_report,category_only,contested,54,0,0.0
44-1,Bloc Québécois,committee_report,documented_free_excluded,all,90,0,0.0
44-1,Bloc Québécois,committee_report,documented_free_excluded,contested,54,0,0.0
44-1,Bloc Québécois,committee_report,uncertain_excluded,all,90,0,0.0
44-1,Bloc Québécois,committee_report,uncertain_excluded,contested,54,0,0.0
44-1,Bloc Québécois,committee_report,unknown_bill_as_government,all,90,0,0.0
44-1,Bloc Québécois,committee_report,unknown_bill_as_government,contested,54,0,0.0
44-1,Bloc Québécois,government_bill,category_only,all,250,1,0.4
44-1,Bloc Québécois,government_bill,category_only,contested,191,1,0.52356
44-1,Bloc Québécois,government_bill,documented_free_excluded,all,250,1,0.4
44-1,Bloc Québécois,government_bill,documented_free_excluded,contested,191,1,0.52356
44-1,Bloc Québécois,government_bill,uncertain_excluded,all,250,1,0.4
44-1,Bloc Québécois,government_bill,uncertain_excluded,contested,191,1,0.52356
44-1,Bloc Québécois,government_bill,unknown_bill_as_government,all,250,1,0.4
44-1,Bloc Québécois,government_bill,unknown_bill_as_government,contested,191,1,0.52356
44-1,Bloc Québécois,government_motion,category_only,all,27,0,0.0
44-1,Bloc Québécois,government_motion,category_only,contested,26,0,0.0
44-1,Bloc Québécois,government_motion,documented_free_excluded,all,27,0,0.0
44-1,Bloc Québécois,government_motion,documented_free_excluded,contested,26,0,0.0
44-1,Bloc Québécois,government_motion,uncertain_excluded,all,27,0,0.0
44-1,Bloc Québécois,government_motion,uncertain_excluded,contested,26,0,0.0
44-1,Bloc Québécois,government_motion,unknown_bill_as_government,all,27,0,0.0
44-1,Bloc Québécois,government_motion,unknown_bill_as_government,contested,26,0,0.0
44-1,Bloc Québécois,opposition_motion,category_only,all,75,0,0.0
44-1,Bloc Québécois,opposition_motion,category_only,contested,70,0,0.0
44-1,Bloc Québécois,opposition_motion,documented_free_excluded,all,75,0,0.0
44-1,Bloc Québécois,opposition_motion,documented_free_excluded,contested,70,0,0.0
44-1,Bloc Québécois,opposition_motion,uncertain_excluded,all,75,0,0.0
44-1,Bloc Québécois,opposition_motion,uncertain_excluded,contested,70,0,0.0
44-1,Bloc Québécois,opposition_motion,unknown_bill_as_government,all,75,0,0.0
44-1,Bloc Québécois,opposition_motion,unknown_bill_as_government,contested,70,0,0.0
44-1,Bloc Québécois,private_members_business,category_only,all,140,1,0.714286
44-1,Bloc Québécois,private_members_business,category_only,contested,77,1,1.298701
44-1,Bloc Québécois,private_members_business,documented_free_excluded,all,140,1,0.714286
44-1,Bloc Québécois,private_members_business,documented_free_excluded,contested,77,1,1.298701
44-1,Bloc Québécois,private_members_business,uncertain_excluded,all,140,1,0.714286
44-1,Bloc Québécois,private_members_business,uncertain_excluded,contested,77,1,1.298701
44-1,Bloc Québécois,private_members_business,unknown_bill_as_government,all,140,1,0.714286
44-1,Bloc Québécois,private_members_business,unknown_bill_as_government,contested,77,1,1.298701
44-1,Bloc Québécois,procedural,category_only,all,136,3,2.205882
44-1,Bloc Québécois,procedural,category_only,contested,123,3,2.439024
44-1,Bloc Québécois,procedural,documented_free_excluded,all,136,3,2.205882
44-1,Bloc Québécois,procedural,documented_free_excluded,contested,123,3,2.439024
44-1,Bloc Québécois,procedural,uncertain_excluded,all,136,3,2.205882
44-1,Bloc Québécois,procedural,uncertain_excluded,contested,123,3,2.439024
44-1,Bloc Québécois,procedural,unknown_bill_as_government,all,136,3,2.205882
44-1,Bloc Québécois,procedural,unknown_bill_as_government,contested,123,3,2.439024
44-1,Bloc Québécois,supply,category_only,all,205,0,0.0
44-1,Bloc Québécois,supply,category_only,contested,202,0,0.0
44-1,Bloc Québécois,supply,documented_free_excluded,all,205,0,0.0
44-1,Bloc Québécois,supply,documented_free_excluded,contested,202,0,0.0
44-1,Bloc Québécois,supply,uncertain_excluded,all,205,0,0.0
44-1,Bloc Québécois,supply,uncertain_excluded,contested,202,0,0.0
44-1,Bloc Québécois,supply,unknown_bill_as_government,all,205,0,0.0
44-1,Bloc Québécois,supply,unknown_bill_as_government,contested,202,0,0.0
44-1,Bloc Québécois,throne_speech,category_only,all,3,0,0.0
44-1,Bloc Québécois,throne_speech,category_only,contested,3,0,0.0
44-1,Bloc Québécois,throne_speech,documented_free_excluded,all,3,0,0.0
44-1,Bloc Québécois,throne_speech,documented_free_excluded,contested,3,0,0.0
44-1,Bloc Québécois,throne_speech,uncertain_excluded,all,3,0,0.0
44-1,Bloc Québécois,throne_speech,uncertain_excluded,contested,3,0,0.0
44-1,Bloc Québécois,throne_speech,unknown_bill_as_government,all,3,0,0.0
44-1,Bloc Québécois,throne_speech,unknown_bill_as_government,contested,3,0,0.0
44-1,Conservative,appointment,category_only,all,2,0,0.0
44-1,Conservative,appointment,category_only,contested,1,0,0.0
44-1,Conservative,appointment,documented_free_excluded,all,2,0,0.0
44-1,Conservative,appointment,documented_free_excluded,contested,1,0,0.0
44-1,Conservative,appointment,uncertain_excluded,all,2,0,0.0
44-1,Conservative,appointment,uncertain_excluded,contested,1,0,0.0
44-1,Conservative,appointment,unknown_bill_as_government,all,2,0,0.0
44-1,Conservative,appointment,unknown_bill_as_government,contested,1,0,0.0
44-1,Conservative,committee_report,category_only,all,90,1,1.111111
44-1,Conservative,committee_report,category_only,contested,54,1,1.851852
44-1,Conservative,committee_report,documented_free_excluded,all,90,1,1.111111
44-1,Conservative,committee_report,documented_free_excluded,contested,54,1,1.851852
44-1,Conservative,committee_report,uncertain_excluded,all,90,1,1.111111
44-1,Conservative,committee_report,uncertain_excluded,contested,54,1,1.851852
44-1,Conservative,committee_report,unknown_bill_as_government,all,90,1,1.111111
44-1,Conservative,committee_report,unknown_bill_as_government,contested,54,1,1.851852
44-1,Conservative,government_bill,category_only,all,250,8,3.2
44-1,Conservative,government_bill,category_only,contested,191,6,3.141361
44-1,Conservative,government_bill,documented_free_excluded,all,250,8,3.2
44-1,Conservative,government_bill,documented_free_excluded,contested,191,6,3.141361
44-1,Conservative,government_bill,uncertain_excluded,all,250,8,3.2
44-1,Conservative,government_bill,uncertain_excluded,contested,191,6,3.141361
44-1,Conservative,government_bill,unknown_bill_as_government,all,250,8,3.2
44-1,Conservative,government_bill,unknown_bill_as_government,contested,191,6,3.141361
44-1,Conservative,government_motion,category_only,all,27,1,3.703704
44-1,Conservative,government_motion,category_only,contested,26,1,3.846154
44-1,Conservative,government_motion,documented_free_excluded,all,27,1,3.703704
44-1,Conservative,government_motion,documented_free_excluded,contested,26,1,3.846154
44-1,Conservative,government_motion,uncertain_excluded,all,27,1,3.703704
44-1,Conservative,government_motion,uncertain_excluded,contested,26,1,3.846154
44-1,Conservative,government_motion,unknown_bill_as_government,all,27,1,3.703704
44-1,Conservative,government_motion,unknown_bill_as_government,contested,26,1,3.846154
44-1,Conservative,opposition_motion,category_only,all,75,1,1.333333
44-1,Conservative,opposition_motion,category_only,contested,70,1,1.428571
44-1,Conservative,opposition_motion,documented_free_excluded,all,75,1,1.333333
44-1,Conservative,opposition_motion,documented_free_excluded,contested,70,1,1.428571
44-1,Conservative,opposition_motion,uncertain_excluded,all,75,1,1.333333
44-1,Conservative,opposition_motion,uncertain_excluded,contested,70,1,1.428571
44-1,Conservative,opposition_motion,unknown_bill_as_government,all,75,1,1.333333
44-1,Conservative,opposition_motion,unknown_bill_as_government,contested,70,1,1.428571
44-1,Conservative,private_members_business,category_only,all,140,6,4.285714
44-1,Conservative,private_members_business,category_only,contested,77,6,7.792208
44-1,Conservative,private_members_business,documented_free_excluded,all,140,6,4.285714
44-1,Conservative,private_members_business,documented_free_excluded,contested,77,6,7.792208
44-1,Conservative,private_members_business,uncertain_excluded,all,140,6,4.285714
44-1,Conservative,private_members_business,uncertain_excluded,contested,77,6,7.792208
44-1,Conservative,private_members_business,unknown_bill_as_government,all,140,6,4.285714
44-1,Conservative,private_members_business,unknown_bill_as_government,contested,77,6,7.792208
44-1,Conservative,procedural,category_only,all,136,7,5.147059
44-1,Conservative,procedural,category_only,contested,123,7,5.691057
44-1,Conservative,procedural,documented_free_excluded,all,136,7,5.147059
44-1,Conservative,procedural,documented_free_excluded,contested,123,7,5.691057
44-1,Conservative,procedural,uncertain_excluded,all,136,7,5.147059
44-1,Conservative,procedural,uncertain_excluded,contested,123,7,5.691057
44-1,Conservative,procedural,unknown_bill_as_government,all,136,7,5.147059
44-1,Conservative,procedural,unknown_bill_as_government,contested,123,7,5.691057
44-1,Conservative,supply,category_only,all,205,2,0.97561
44-1,Conservative,supply,category_only,contested,202,2,0.990099
44-1,Conservative,supply,documented_free_excluded,all,205,2,0.97561
44-1,Conservative,supply,documented_free_excluded,contested,202,2,0.990099
44-1,Conservative,supply,uncertain_excluded,all,205,2,0.97561
44-1,Conservative,supply,uncertain_excluded,contested,202,2,0.990099
44-1,Conservative,supply,unknown_bill_as_government,all,205,2,0.97561
44-1,Conservative,supply,unknown_bill_as_government,contested,202,2,0.990099
44-1,Conservative,throne_speech,category_only,all,3,0,0.0
44-1,Conservative,throne_speech,category_only,contested,3,0,0.0
44-1,Conservative,throne_speech,documented_free_excluded,all,3,0,0.0
44-1,Conservative,throne_speech,documented_free_excluded,contested,3,0,0.0
44-1,Conservative,throne_speech,uncertain_excluded,all,3,0,0.0
44-1,Conservative,throne_speech,uncertain_excluded,contested,3,0,0.0
44-1,Conservative,throne_speech,unknown_bill_as_government,all,3,0,0.0
44-1,Conservative,throne_speech,unknown_bill_as_government,contested,3,0,0.0
44-1,Green Party,appointment,category_only,all,2,0,0.0
44-1,Green Party,appointment,category_only,contested,1,0,0.0
44-1,Green Party,appointment,documented_free_excluded,all,2,0,0.0
44-1,Green Party,appointment,documented_free_excluded,contested,1,0,0.0
44-1,Green Party,appointment,uncertain_excluded,all,2,0,0.0
44-1,Green Party,appointment,uncertain_excluded,contested,1,0,0.0
44-1,Green Party,appointment,unknown_bill_as_government,all,2,0,0.0
44-1,Green Party,appointment,unknown_bill_as_government,contested,1,0,0.0
44-1,Green Party,committee_report,category_only,all,87,0,0.0
44-1,Green Party,committee_report,category_only,contested,51,0,0.0
44-1,Green Party,committee_report,documented_free_excluded,all,87,0,0.0
44-1,Green Party,committee_report,documented_free_excluded,contested,51,0,0.0
44-1,Green Party,committee_report,uncertain_excluded,all,87,0,0.0
44-1,Green Party,committee_report,uncertain_excluded,contested,51,0,0.0
44-1,Green Party,committee_report,unknown_bill_as_government,all,87,0,0.0
44-1,Green Party,committee_report,unknown_bill_as_government,contested,51,0,0.0
44-1,Green Party,government_bill,category_only,all,239,0,0.0
44-1,Green Party,government_bill,category_only,contested,183,0,0.0
44-1,Green Party,government_bill,documented_free_excluded,all,239,0,0.0
44-1,Green Party,government_bill,documented_free_excluded,contested,183,0,0.0
44-1,Green Party,government_bill,uncertain_excluded,all,239,0,0.0
44-1,Green Party,government_bill,uncertain_excluded,contested,183,0,0.0
44-1,Green Party,government_bill,unknown_bill_as_government,all,239,0,0.0
44-1,Green Party,government_bill,unknown_bill_as_government,contested,183,0,0.0
44-1,Green Party,government_motion,category_only,all,23,0,0.0
44-1,Green Party,government_motion,category_only,contested,22,0,0.0
44-1,Green Party,government_motion,documented_free_excluded,all,23,0,0.0
44-1,Green Party,government_motion,documented_free_excluded,contested,22,0,0.0
44-1,Green Party,government_motion,uncertain_excluded,all,23,0,0.0
44-1,Green Party,government_motion,uncertain_excluded,contested,22,0,0.0
44-1,Green Party,government_motion,unknown_bill_as_government,all,23,0,0.0
44-1,Green Party,government_motion,unknown_bill_as_government,contested,22,0,0.0
44-1,Green Party,opposition_motion,category_only,all,74,0,0.0
44-1,Green Party,opposition_motion,category_only,contested,69,0,0.0
44-1,Green Party,opposition_motion,documented_free_excluded,all,74,0,0.0
44-1,Green Party,opposition_motion,documented_free_excluded,contested,69,0,0.0
44-1,Green Party,opposition_motion,uncertain_excluded,all,74,0,0.0
44-1,Green Party,opposition_motion,uncertain_excluded,contested,69,0,0.0
44-1,Green Party,opposition_motion,unknown_bill_as_government,all,74,0,0.0
44-1,Green Party,opposition_motion,unknown_bill_as_government,contested,69,0,0.0
44-1,Green Party,private_members_business,category_only,all,135,0,0.0
44-1,Green Party,private_members_business,category_only,contested,72,0,0.0
44-1,Green Party,private_members_business,documented_free_excluded,all,135,0,0.0
44-1,Green Party,private_members_business,documented_free_excluded,contested,72,0,0.0
44-1,Green Party,private_members_business,uncertain_excluded,all,135,0,0.0
44-1,Green Party,private_members_business,uncertain_excluded,contested,72,0,0.0
44-1,Green Party,private_members_business,unknown_bill_as_government,all,135,0,0.0
44-1,Green Party,private_members_business,unknown_bill_as_government,contested,72,0,0.0
44-1,Green Party,procedural,category_only,all,91,0,0.0
44-1,Green Party,procedural,category_only,contested,78,0,0.0
44-1,Green Party,procedural,documented_free_excluded,all,91,0,0.0
44-1,Green Party,procedural,documented_free_excluded,contested,78,0,0.0
44-1,Green Party,procedural,uncertain_excluded,all,91,0,0.0
44-1,Green Party,procedural,uncertain_excluded,contested,78,0,0.0
44-1,Green Party,procedural,unknown_bill_as_government,all,91,0,0.0
44-1,Green Party,procedural,unknown_bill_as_government,contested,78,0,0.0
44-1,Green Party,supply,category_only,all,180,0,0.0
44-1,Green Party,supply,category_only,contested,177,0,0.0
44-1,Green Party,supply,documented_free_excluded,all,180,0,0.0
44-1,Green Party,supply,documented_free_excluded,contested,177,0,0.0
44-1,Green Party,supply,uncertain_excluded,all,180,0,0.0
44-1,Green Party,supply,uncertain_excluded,contested,177,0,0.0
44-1,Green Party,supply,unknown_bill_as_government,all,180,0,0.0
44-1,Green Party,supply,unknown_bill_as_government,contested,177,0,0.0
44-1,Green Party,throne_speech,category_only,all,3,0,0.0
44-1,Green Party,throne_speech,category_only,contested,3,0,0.0
44-1,Green Party,throne_speech,documented_free_excluded,all,3,0,0.0
44-1,Green Party,throne_speech,documented_free_excluded,contested,3,0,0.0
44-1,Green Party,throne_speech,uncertain_excluded,all,3,0,0.0
44-1,Green Party,throne_speech,uncertain_excluded,contested,3,0,0.0
44-1,Green Party,throne_speech,unknown_bill_as_government,all,3,0,0.0
44-1,Green Party,throne_speech,unknown_bill_as_government,contested,3,0,0.0
44-1,Liberal,appointment,category_only,all,2,0,0.0
44-1,Liberal,appointment,category_only,contested,1,0,0.0
44-1,Liberal,appointment,documented_free_excluded,all,2,0,0.0
44-1,Liberal,appointment,documented_free_excluded,contested,1,0,0.0
44-1,Liberal,appointment,uncertain_excluded,all,2,0,0.0
44-1,Liberal,appointment,uncertain_excluded,contested,1,0,0.0
44-1,Liberal,appointment,unknown_bill_as_government,all,2,0,0.0
44-1,Liberal,appointment,unknown_bill_as_government,contested,1,0,0.0
44-1,Liberal,committee_report,category_only,all,90,2,2.222222
44-1,Liberal,committee_report,category_only,contested,54,2,3.703704
44-1,Liberal,committee_report,documented_free_excluded,all,90,2,2.222222
44-1,Liberal,committee_report,documented_free_excluded,contested,54,2,3.703704
44-1,Liberal,committee_report,uncertain_excluded,all,90,2,2.222222
44-1,Liberal,committee_report,uncertain_excluded,contested,54,2,3.703704
44-1,Liberal,committee_report,unknown_bill_as_government,all,90,2,2.222222
44-1,Liberal,committee_report,unknown_bill_as_government,contested,54,2,3.703704
44-1,Liberal,government_bill,category_only,all,250,8,3.2
44-1,Liberal,government_bill,category_only,contested,191,6,3.141361
44-1,Liberal,government_bill,documented_free_excluded,all,250,8,3.2
44-1,Liberal,government_bill,documented_free_excluded,contested,191,6,3.141361
44-1,Liberal,government_bill,uncertain_excluded,all,250,8,3.2
44-1,Liberal,government_bill,uncertain_excluded,contested,191,6,3.141361
44-1,Liberal,government_bill,unknown_bill_as_government,all,250,8,3.2
44-1,Liberal,government_bill,unknown_bill_as_government,contested,191,6,3.141361
44-1,Liberal,government_motion,category_only,all,27,1,3.703704
44-1,Liberal,government_motion,category_only,contested,26,1,3.846154
44-1,Liberal,government_motion,documented_free_excluded,all,27,1,3.703704
44-1,Liberal,government_motion,documented_free_excluded,contested,26,1,3.846154
44-1,Liberal,government_motion,uncertain_excluded,all,27,1,3.703704
44-1,Liberal,government_motion,uncertain_excluded,contested,26,1,3.846154
44-1,Liberal,government_motion,unknown_bill_as_government,all,27,1,3.703704
44-1,Liberal,government_motion,unknown_bill_as_government,contested,26,1,3.846154
44-1,Liberal,opposition_motion,category_only,all,75,18,24.0
44-1,Liberal,opposition_motion,category_only,contested,70,18,25.714286
44-1,Liberal,opposition_motion,documented_free_excluded,all,75,18,24.0
44-1,Liberal,opposition_motion,documented_free_excluded,contested,70,18,25.714286
44-1,Liberal,opposition_motion,uncertain_excluded,all,75,18,24.0
44-1,Liberal,opposition_motion,uncertain_excluded,contested,70,18,25.714286
44-1,Liberal,opposition_motion,unknown_bill_as_government,all,75,18,24.0
44-1,Liberal,opposition_motion,unknown_bill_as_government,contested,70,18,25.714286
44-1,Liberal,private_members_business,category_only,all,140,34,24.285714
44-1,Liberal,private_members_business,category_only,contested,77,28,36.363636
44-1,Liberal,private_members_business,documented_free_excluded,all,140,34,24.285714
44-1,Liberal,private_members_business,documented_free_excluded,contested,77,28,36.363636
44-1,Liberal,private_members_business,uncertain_excluded,all,140,34,24.285714
44-1,Liberal,private_members_business,uncertain_excluded,contested,77,28,36.363636
44-1,Liberal,private_members_business,unknown_bill_as_government,all,140,34,24.285714
44-1,Liberal,private_members_business,unknown_bill_as_government,contested,77,28,36.363636
44-1,Liberal,procedural,category_only,all,136,1,0.735294
44-1,Liberal,procedural,category_only,contested,123,1,0.813008
44-1,Liberal,procedural,documented_free_excluded,all,136,1,0.735294
44-1,Liberal,procedural,documented_free_excluded,contested,123,1,0.813008
44-1,Liberal,procedural,uncertain_excluded,all,136,1,0.735294
44-1,Liberal,procedural,uncertain_excluded,contested,123,1,0.813008
44-1,Liberal,procedural,unknown_bill_as_government,all,136,1,0.735294
44-1,Liberal,procedural,unknown_bill_as_government,contested,123,1,0.813008
44-1,Liberal,supply,category_only,all,205,0,0.0
44-1,Liberal,supply,category_only,contested,202,0,0.0
44-1,Liberal,supply,documented_free_excluded,all,205,0,0.0
44-1,Liberal,supply,documented_free_excluded,contested,202,0,0.0
44-1,Liberal,supply,uncertain_excluded,all,205,0,0.0
44-1,Liberal,supply,uncertain_excluded,contested,202,0,0.0
44-1,Liberal,supply,unknown_bill_as_government,all,205,0,0.0
44-1,Liberal,supply,unknown_bill_as_government,contested,202,0,0.0
44-1,Liberal,throne_speech,category_only,all,3,0,0.0
44-1,Liberal,throne_speech,category_only,contested,3,0,0.0
44-1,Liberal,throne_speech,documented_free_excluded,all,3,0,0.0
44-1,Liberal,throne_speech,documented_free_excluded,contested,3,0,0.0
44-1,Liberal,throne_speech,uncertain_excluded,all,3,0,0.0
44-1,Liberal,throne_speech,uncertain_excluded,contested,3,0,0.0
44-1,Liberal,throne_speech,unknown_bill_as_government,all,3,0,0.0
44-1,Liberal,throne_speech,unknown_bill_as_government,contested,3,0,0.0
44-1,NDP,appointment,category_only,all,2,0,0.0
44-1,NDP,appointment,category_only,contested,1,0,0.0
44-1,NDP,appointment,documented_free_excluded,all,2,0,0.0
44-1,NDP,appointment,documented_free_excluded,contested,1,0,0.0
44-1,NDP,appointment,uncertain_excluded,all,2,0,0.0
44-1,NDP,appointment,uncertain_excluded,contested,1,0,0.0
44-1,NDP,appointment,unknown_bill_as_government,all,2,0,0.0
44-1,NDP,appointment,unknown_bill_as_government,contested,1,0,0.0
44-1,NDP,committee_report,category_only,all,90,1,1.111111
44-1,NDP,committee_report,category_only,contested,54,1,1.851852
44-1,NDP,committee_report,documented_free_excluded,all,90,1,1.111111
44-1,NDP,committee_report,documented_free_excluded,contested,54,1,1.851852
44-1,NDP,committee_report,uncertain_excluded,all,90,1,1.111111
44-1,NDP,committee_report,uncertain_excluded,contested,54,1,1.851852
44-1,NDP,committee_report,unknown_bill_as_government,all,90,1,1.111111
44-1,NDP,committee_report,unknown_bill_as_government,contested,54,1,1.851852
44-1,NDP,government_bill,category_only,all,250,2,0.8
44-1,NDP,government_bill,category_only,contested,191,2,1.04712
44-1,NDP,government_bill,documented_free_excluded,all,250,2,0.8
44-1,NDP,government_bill,documented_free_excluded,contested,191,2,1.04712
44-1,NDP,government_bill,uncertain_excluded,all,250,2,0.8
44-1,NDP,government_bill,uncertain_excluded,contested,191,2,1.04712
44-1,NDP,government_bill,unknown_bill_as_government,all,250,2,0.8
44-1,NDP,government_bill,unknown_bill_as_government,contested,191,2,1.04712
44-1,NDP,government_motion,category_only,all,27,0,0.0
44-1,NDP,government_motion,category_only,contested,26,0,0.0
44-1,NDP,government_motion,documented_free_excluded,all,27,0,0.0
44-1,NDP,government_motion,documented_free_excluded,contested,26,0,0.0
44-1,NDP,government_motion,uncertain_excluded,all,27,0,0.0
44-1,NDP,government_motion,uncertain_excluded,contested,26,0,0.0
44-1,NDP,government_motion,unknown_bill_as_government,all,27,0,0.0
44-1,NDP,government_motion,unknown_bill_as_government,contested,26,0,0.0
44-1,NDP,opposition_motion,category_only,all,75,2,2.666667
44-1,NDP,opposition_motion,category_only,contested,70,2,2.857143
44-1,NDP,opposition_motion,documented_free_excluded,all,75,2,2.666667
44-1,NDP,opposition_motion,documented_free_excluded,contested,70,2,2.857143
44-1,NDP,opposition_motion,uncertain_excluded,all,75,2,2.666667
44-1,NDP,opposition_motion,uncertain_excluded,contested,70,2,2.857143
44-1,NDP,opposition_motion,unknown_bill_as_government,all,75,2,2.666667
44-1,NDP,opposition_motion,unknown_bill_as_government,contested,70,2,2.857143
44-1,NDP,private_members_business,category_only,all,140,1,0.714286
44-1,NDP,private_members_business,category_only,contested,77,1,1.298701
44-1,NDP,private_members_business,documented_free_excluded,all,140,1,0.714286
44-1,NDP,private_members_business,documented_free_excluded,contested,77,1,1.298701
44-1,NDP,private_members_business,uncertain_excluded,all,140,1,0.714286
44-1,NDP,private_members_business,uncertain_excluded,contested,77,1,1.298701
44-1,NDP,private_members_business,unknown_bill_as_government,all,140,1,0.714286
44-1,NDP,private_members_business,unknown_bill_as_government,contested,77,1,1.298701
44-1,NDP,procedural,category_only,all,135,2,1.481481
44-1,NDP,procedural,category_only,contested,122,2,1.639344
44-1,NDP,procedural,documented_free_excluded,all,135,2,1.481481
44-1,NDP,procedural,documented_free_excluded,contested,122,2,1.639344
44-1,NDP,procedural,uncertain_excluded,all,135,2,1.481481
44-1,NDP,procedural,uncertain_excluded,contested,122,2,1.639344
44-1,NDP,procedural,unknown_bill_as_government,all,135,2,1.481481
44-1,NDP,procedural,unknown_bill_as_government,contested,122,2,1.639344
44-1,NDP,supply,category_only,all,205,1,0.487805
44-1,NDP,supply,category_only,contested,202,1,0.49505
44-1,NDP,supply,documented_free_excluded,all,205,1,0.487805
44-1,NDP,supply,documented_free_excluded,contested,202,1,0.49505
44-1,NDP,supply,uncertain_excluded,all,205,1,0.487805
44-1,NDP,supply,uncertain_excluded,contested,202,1,0.49505
44-1,NDP,supply,unknown_bill_as_government,all,205,1,0.487805
44-1,NDP,supply,unknown_bill_as_government,contested,202,1,0.49505
44-1,NDP,throne_speech,category_only,all,3,1,33.333333
44-1,NDP,throne_speech,category_only,contested,3,1,33.333333
44-1,NDP,throne_speech,documented_free_excluded,all,3,1,33.333333
44-1,NDP,throne_speech,documented_free_excluded,contested,3,1,33.333333
44-1,NDP,throne_speech,uncertain_excluded,all,3,1,33.333333
44-1,NDP,throne_speech,uncertain_excluded,contested,3,1,33.333333
44-1,NDP,throne_speech,unknown_bill_as_government,all,3,1,33.333333
44-1,NDP,throne_speech,unknown_bill_as_government,contested,3,1,33.333333
45-1,Bloc Québécois,appointment,category_only,all,1,0,0.0
45-1,Bloc Québécois,appointment,category_only,contested,1,0,0.0
45-1,Bloc Québécois,appointment,documented_free_excluded,all,1,0,0.0
45-1,Bloc Québécois,appointment,documented_free_excluded,contested,1,0,0.0
45-1,Bloc Québécois,appointment,uncertain_excluded,all,1,0,0.0
45-1,Bloc Québécois,appointment,uncertain_excluded,contested,1,0,0.0
45-1,Bloc Québécois,appointment,unknown_bill_as_government,all,1,0,0.0
45-1,Bloc Québécois,appointment,unknown_bill_as_government,contested,1,0,0.0
45-1,Bloc Québécois,committee_report,category_only,all,6,0,0.0
45-1,Bloc Québécois,committee_report,category_only,contested,4,0,0.0
45-1,Bloc Québécois,committee_report,documented_free_excluded,all,6,0,0.0
45-1,Bloc Québécois,committee_report,documented_free_excluded,contested,4,0,0.0
45-1,Bloc Québécois,committee_report,uncertain_excluded,all,6,0,0.0
45-1,Bloc Québécois,committee_report,uncertain_excluded,contested,4,0,0.0
45-1,Bloc Québécois,committee_report,unknown_bill_as_government,all,6,0,0.0
45-1,Bloc Québécois,committee_report,unknown_bill_as_government,contested,4,0,0.0
45-1,Bloc Québécois,government_bill,category_only,all,60,0,0.0
45-1,Bloc Québécois,government_bill,category_only,contested,49,0,0.0
45-1,Bloc Québécois,government_bill,documented_free_excluded,all,60,0,0.0
45-1,Bloc Québécois,government_bill,documented_free_excluded,contested,49,0,0.0
45-1,Bloc Québécois,government_bill,uncertain_excluded,all,60,0,0.0
45-1,Bloc Québécois,government_bill,uncertain_excluded,contested,49,0,0.0
45-1,Bloc Québécois,government_bill,unknown_bill_as_government,all,60,0,0.0
45-1,Bloc Québécois,government_bill,unknown_bill_as_government,contested,49,0,0.0
45-1,Bloc Québécois,government_motion,category_only,all,12,0,0.0
45-1,Bloc Québécois,government_motion,category_only,contested,12,0,0.0
45-1,Bloc Québécois,government_motion,documented_free_excluded,all,12,0,0.0
45-1,Bloc Québécois,government_motion,documented_free_excluded,contested,12,0,0.0
45-1,Bloc Québécois,government_motion,uncertain_excluded,all,12,0,0.0
45-1,Bloc Québécois,government_motion,uncertain_excluded,contested,12,0,0.0
45-1,Bloc Québécois,government_motion,unknown_bill_as_government,all,12,0,0.0
45-1,Bloc Québécois,government_motion,unknown_bill_as_government,contested,12,0,0.0
45-1,Bloc Québécois,opposition_motion,category_only,all,29,0,0.0
45-1,Bloc Québécois,opposition_motion,category_only,contested,27,0,0.0
45-1,Bloc Québécois,opposition_motion,documented_free_excluded,all,29,0,0.0
45-1,Bloc Québécois,opposition_motion,documented_free_excluded,contested,27,0,0.0
45-1,Bloc Québécois,opposition_motion,uncertain_excluded,all,29,0,0.0
45-1,Bloc Québécois,opposition_motion,uncertain_excluded,contested,27,0,0.0
45-1,Bloc Québécois,opposition_motion,unknown_bill_as_government,all,29,0,0.0
45-1,Bloc Québécois,opposition_motion,unknown_bill_as_government,contested,27,0,0.0
45-1,Bloc Québécois,private_members_business,category_only,all,23,0,0.0
45-1,Bloc Québécois,private_members_business,category_only,contested,18,0,0.0
45-1,Bloc Québécois,private_members_business,documented_free_excluded,all,23,0,0.0
45-1,Bloc Québécois,private_members_business,documented_free_excluded,contested,18,0,0.0
45-1,Bloc Québécois,private_members_business,uncertain_excluded,all,23,0,0.0
45-1,Bloc Québécois,private_members_business,uncertain_excluded,contested,18,0,0.0
45-1,Bloc Québécois,private_members_business,unknown_bill_as_government,all,23,0,0.0
45-1,Bloc Québécois,private_members_business,unknown_bill_as_government,contested,18,0,0.0
45-1,Bloc Québécois,procedural,category_only,all,23,0,0.0
45-1,Bloc Québécois,procedural,category_only,contested,22,0,0.0
45-1,Bloc Québécois,procedural,documented_free_excluded,all,23,0,0.0
45-1,Bloc Québécois,procedural,documented_free_excluded,contested,22,0,0.0
45-1,Bloc Québécois,procedural,uncertain_excluded,all,23,0,0.0
45-1,Bloc Québécois,procedural,uncertain_excluded,contested,22,0,0.0
45-1,Bloc Québécois,procedural,unknown_bill_as_government,all,23,0,0.0
45-1,Bloc Québécois,procedural,unknown_bill_as_government,contested,22,0,0.0
45-1,Bloc Québécois,supply,category_only,all,16,0,0.0
45-1,Bloc Québécois,supply,category_only,contested,15,0,0.0
45-1,Bloc Québécois,supply,documented_free_excluded,all,16,0,0.0
45-1,Bloc Québécois,supply,documented_free_excluded,contested,15,0,0.0
45-1,Bloc Québécois,supply,uncertain_excluded,all,16,0,0.0
45-1,Bloc Québécois,supply,uncertain_excluded,contested,15,0,0.0
45-1,Bloc Québécois,supply,unknown_bill_as_government,all,16,0,0.0
45-1,Bloc Québécois,supply,unknown_bill_as_government,contested,15,0,0.0
45-1,Bloc Québécois,throne_speech,category_only,all,3,0,0.0
45-1,Bloc Québécois,throne_speech,category_only,contested,1,0,0.0
45-1,Bloc Québécois,throne_speech,documented_free_excluded,all,3,0,0.0
45-1,Bloc Québécois,throne_speech,documented_free_excluded,contested,1,0,0.0
45-1,Bloc Québécois,throne_speech,uncertain_excluded,all,3,0,0.0
45-1,Bloc Québécois,throne_speech,uncertain_excluded,contested,1,0,0.0
45-1,Bloc Québécois,throne_speech,unknown_bill_as_government,all,3,0,0.0
45-1,Bloc Québécois,throne_speech,unknown_bill_as_government,contested,1,0,0.0
45-1,Conservative,appointment,category_only,all,1,0,0.0
45-1,Conservative,appointment,category_only,contested,1,0,0.0
45-1,Conservative,appointment,documented_free_excluded,all,1,0,0.0
45-1,Conservative,appointment,documented_free_excluded,contested,1,0,0.0
45-1,Conservative,appointment,uncertain_excluded,all,1,0,0.0
45-1,Conservative,appointment,uncertain_excluded,contested,1,0,0.0
45-1,Conservative,appointment,unknown_bill_as_government,all,1,0,0.0
45-1,Conservative,appointment,unknown_bill_as_government,contested,1,0,0.0
45-1,Conservative,committee_report,category_only,all,6,0,0.0
45-1,Conservative,committee_report,category_only,contested,4,0,0.0
45-1,Conservative,committee_report,documented_free_excluded,all,6,0,0.0
45-1,Conservative,committee_report,documented_free_excluded,contested,4,0,0.0
45-1,Conservative,committee_report,uncertain_excluded,all,6,0,0.0
45-1,Conservative,committee_report,uncertain_excluded,contested,4,0,0.0
45-1,Conservative,committee_report,unknown_bill_as_government,all,6,0,0.0
45-1,Conservative,committee_report,unknown_bill_as_government,contested,4,0,0.0
45-1,Conservative,government_bill,category_only,all,60,0,0.0
45-1,Conservative,government_bill,category_only,contested,49,0,0.0
45-1,Conservative,government_bill,documented_free_excluded,all,60,0,0.0
45-1,Conservative,government_bill,documented_free_excluded,contested,49,0,0.0
45-1,Conservative,government_bill,uncertain_excluded,all,60,0,0.0
45-1,Conservative,government_bill,uncertain_excluded,contested,49,0,0.0
45-1,Conservative,government_bill,unknown_bill_as_government,all,60,0,0.0
45-1,Conservative,government_bill,unknown_bill_as_government,contested,49,0,0.0
45-1,Conservative,government_motion,category_only,all,12,1,8.333333
45-1,Conservative,government_motion,category_only,contested,12,1,8.333333
45-1,Conservative,government_motion,documented_free_excluded,all,12,1,8.333333
45-1,Conservative,government_motion,documented_free_excluded,contested,12,1,8.333333
45-1,Conservative,government_motion,uncertain_excluded,all,12,1,8.333333
45-1,Conservative,government_motion,uncertain_excluded,contested,12,1,8.333333
45-1,Conservative,government_motion,unknown_bill_as_government,all,12,1,8.333333
45-1,Conservative,government_motion,unknown_bill_as_government,contested,12,1,8.333333
45-1,Conservative,opposition_motion,category_only,all,29,0,0.0
45-1,Conservative,opposition_motion,category_only,contested,27,0,0.0
45-1,Conservative,opposition_motion,documented_free_excluded,all,29,0,0.0
45-1,Conservative,opposition_motion,documented_free_excluded,contested,27,0,0.0
45-1,Conservative,opposition_motion,uncertain_excluded,all,29,0,0.0
45-1,Conservative,opposition_motion,uncertain_excluded,contested,27,0,0.0
45-1,Conservative,opposition_motion,unknown_bill_as_government,all,29,0,0.0
45-1,Conservative,opposition_motion,unknown_bill_as_government,contested,27,0,0.0
45-1,Conservative,private_members_business,category_only,all,23,3,13.043478
45-1,Conservative,private_members_business,category_only,contested,18,3,16.666667
45-1,Conservative,private_members_business,documented_free_excluded,all,23,3,13.043478
45-1,Conservative,private_members_business,documented_free_excluded,contested,18,3,16.666667
45-1,Conservative,private_members_business,uncertain_excluded,all,23,3,13.043478
45-1,Conservative,private_members_business,uncertain_excluded,contested,18,3,16.666667
45-1,Conservative,private_members_business,unknown_bill_as_government,all,23,3,13.043478
45-1,Conservative,private_members_business,unknown_bill_as_government,contested,18,3,16.666667
45-1,Conservative,procedural,category_only,all,23,1,4.347826
45-1,Conservative,procedural,category_only,contested,22,1,4.545455
45-1,Conservative,procedural,documented_free_excluded,all,23,1,4.347826
45-1,Conservative,procedural,documented_free_excluded,contested,22,1,4.545455
45-1,Conservative,procedural,uncertain_excluded,all,23,1,4.347826
45-1,Conservative,procedural,uncertain_excluded,contested,22,1,4.545455
45-1,Conservative,procedural,unknown_bill_as_government,all,23,1,4.347826
45-1,Conservative,procedural,unknown_bill_as_government,contested,22,1,4.545455
45-1,Conservative,supply,category_only,all,16,0,0.0
45-1,Conservative,supply,category_only,contested,15,0,0.0
45-1,Conservative,supply,documented_free_excluded,all,16,0,0.0
45-1,Conservative,supply,documented_free_excluded,contested,15,0,0.0
45-1,Conservative,supply,uncertain_excluded,all,16,0,0.0
45-1,Conservative,supply,uncertain_excluded,contested,15,0,0.0
45-1,Conservative,supply,unknown_bill_as_government,all,16,0,0.0
45-1,Conservative,supply,unknown_bill_as_government,contested,15,0,0.0
45-1,Conservative,throne_speech,category_only,all,3,0,0.0
45-1,Conservative,throne_speech,category_only,contested,1,0,0.0
45-1,Conservative,throne_speech,documented_free_excluded,all,3,0,0.0
45-1,Conservative,throne_speech,documented_free_excluded,contested,1,0,0.0
45-1,Conservative,throne_speech,uncertain_excluded,all,3,0,0.0
45-1,Conservative,throne_speech,uncertain_excluded,contested,1,0,0.0
45-1,Conservative,throne_speech,unknown_bill_as_government,all,3,0,0.0
45-1,Conservative,throne_speech,unknown_bill_as_government,contested,1,0,0.0
45-1,Green Party,appointment,category_only,all,1,0,0.0
45-1,Green Party,appointment,category_only,contested,1,0,0.0
45-1,Green Party,appointment,documented_free_excluded,all,1,0,0.0
45-1,Green Party,appointment,documented_free_excluded,contested,1,0,0.0
45-1,Green Party,appointment,uncertain_excluded,all,1,0,0.0
45-1,Green Party,appointment,uncertain_excluded,contested,1,0,0.0
45-1,Green Party,appointment,unknown_bill_as_government,all,1,0,0.0
45-1,Green Party,appointment,unknown_bill_as_government,contested,1,0,0.0
45-1,Green Party,committee_report,category_only,all,5,0,0.0
45-1,Green Party,committee_report,category_only,contested,4,0,0.0
45-1,Green Party,committee_report,documented_free_excluded,all,5,0,0.0
45-1,Green Party,committee_report,documented_free_excluded,contested,4,0,0.0
45-1,Green Party,committee_report,uncertain_excluded,all,5,0,0.0
45-1,Green Party,committee_report,uncertain_excluded,contested,4,0,0.0
45-1,Green Party,committee_report,unknown_bill_as_government,all,5,0,0.0
45-1,Green Party,committee_report,unknown_bill_as_government,contested,4,0,0.0
45-1,Green Party,government_bill,category_only,all,58,0,0.0
45-1,Green Party,government_bill,category_only,contested,48,0,0.0
45-1,Green Party,government_bill,documented_free_excluded,all,58,0,0.0
45-1,Green Party,government_bill,documented_free_excluded,contested,48,0,0.0
45-1,Green Party,government_bill,uncertain_excluded,all,58,0,0.0
45-1,Green Party,government_bill,uncertain_excluded,contested,48,0,0.0
45-1,Green Party,government_bill,unknown_bill_as_government,all,58,0,0.0
45-1,Green Party,government_bill,unknown_bill_as_government,contested,48,0,0.0
45-1,Green Party,government_motion,category_only,all,12,0,0.0
45-1,Green Party,government_motion,category_only,contested,12,0,0.0
45-1,Green Party,government_motion,documented_free_excluded,all,12,0,0.0
45-1,Green Party,government_motion,documented_free_excluded,contested,12,0,0.0
45-1,Green Party,government_motion,uncertain_excluded,all,12,0,0.0
45-1,Green Party,government_motion,uncertain_excluded,contested,12,0,0.0
45-1,Green Party,government_motion,unknown_bill_as_government,all,12,0,0.0
45-1,Green Party,government_motion,unknown_bill_as_government,contested,12,0,0.0
45-1,Green Party,opposition_motion,category_only,all,29,0,0.0
45-1,Green Party,opposition_motion,category_only,contested,27,0,0.0
45-1,Green Party,opposition_motion,documented_free_excluded,all,29,0,0.0
45-1,Green Party,opposition_motion,documented_free_excluded,contested,27,0,0.0
45-1,Green Party,opposition_motion,uncertain_excluded,all,29,0,0.0
45-1,Green Party,opposition_motion,uncertain_excluded,contested,27,0,0.0
45-1,Green Party,opposition_motion,unknown_bill_as_government,all,29,0,0.0
45-1,Green Party,opposition_motion,unknown_bill_as_government,contested,27,0,0.0
45-1,Green Party,private_members_business,category_only,all,23,0,0.0
45-1,Green Party,private_members_business,category_only,contested,18,0,0.0
45-1,Green Party,private_members_business,documented_free_excluded,all,23,0,0.0
45-1,Green Party,private_members_business,documented_free_excluded,contested,18,0,0.0
45-1,Green Party,private_members_business,uncertain_excluded,all,23,0,0.0
45-1,Green Party,private_members_business,uncertain_excluded,contested,18,0,0.0
45-1,Green Party,private_members_business,unknown_bill_as_government,all,23,0,0.0
45-1,Green Party,private_members_business,unknown_bill_as_government,contested,18,0,0.0
45-1,Green Party,procedural,category_only,all,23,0,0.0
45-1,Green Party,procedural,category_only,contested,22,0,0.0
45-1,Green Party,procedural,documented_free_excluded,all,23,0,0.0
45-1,Green Party,procedural,documented_free_excluded,contested,22,0,0.0
45-1,Green Party,procedural,uncertain_excluded,all,23,0,0.0
45-1,Green Party,procedural,uncertain_excluded,contested,22,0,0.0
45-1,Green Party,procedural,unknown_bill_as_government,all,23,0,0.0
45-1,Green Party,procedural,unknown_bill_as_government,contested,22,0,0.0
45-1,Green Party,supply,category_only,all,16,0,0.0
45-1,Green Party,supply,category_only,contested,15,0,0.0
45-1,Green Party,supply,documented_free_excluded,all,16,0,0.0
45-1,Green Party,supply,documented_free_excluded,contested,15,0,0.0
45-1,Green Party,supply,uncertain_excluded,all,16,0,0.0
45-1,Green Party,supply,uncertain_excluded,contested,15,0,0.0
45-1,Green Party,supply,unknown_bill_as_government,all,16,0,0.0
45-1,Green Party,supply,unknown_bill_as_government,contested,15,0,0.0
45-1,Green Party,throne_speech,category_only,all,3,0,0.0
45-1,Green Party,throne_speech,category_only,contested,1,0,0.0
45-1,Green Party,throne_speech,documented_free_excluded,all,3,0,0.0
45-1,Green Party,throne_speech,documented_free_excluded,contested,1,0,0.0
45-1,Green Party,throne_speech,uncertain_excluded,all,3,0,0.0
45-1,Green Party,throne_speech,uncertain_excluded,contested,1,0,0.0
45-1,Green Party,throne_speech,unknown_bill_as_government,all,3,0,0.0
45-1,Green Party,throne_speech,unknown_bill_as_government,contested,1,0,0.0
45-1,Liberal,appointment,category_only,all,1,0,0.0
45-1,Liberal,appointment,category_only,contested,1,0,0.0
45-1,Liberal,appointment,documented_free_excluded,all,1,0,0.0
45-1,Liberal,appointment,documented_free_excluded,contested,1,0,0.0
45-1,Liberal,appointment,uncertain_excluded,all,1,0,0.0
45-1,Liberal,appointment,uncertain_excluded,contested,1,0,0.0
45-1,Liberal,appointment,unknown_bill_as_government,all,1,0,0.0
45-1,Liberal,appointment,unknown_bill_as_government,contested,1,0,0.0
45-1,Liberal,committee_report,category_only,all,6,0,0.0
45-1,Liberal,committee_report,category_only,contested,4,0,0.0
45-1,Liberal,committee_report,documented_free_excluded,all,6,0,0.0
45-1,Liberal,committee_report,documented_free_excluded,contested,4,0,0.0
45-1,Liberal,committee_report,uncertain_excluded,all,6,0,0.0
45-1,Liberal,committee_report,uncertain_excluded,contested,4,0,0.0
45-1,Liberal,committee_report,unknown_bill_as_government,all,6,0,0.0
45-1,Liberal,committee_report,unknown_bill_as_government,contested,4,0,0.0
45-1,Liberal,government_bill,category_only,all,60,5,8.333333
45-1,Liberal,government_bill,category_only,contested,49,5,10.204082
45-1,Liberal,government_bill,documented_free_excluded,all,60,5,8.333333
45-1,Liberal,government_bill,documented_free_excluded,contested,49,5,10.204082
45-1,Liberal,government_bill,uncertain_excluded,all,60,5,8.333333
45-1,Liberal,government_bill,uncertain_excluded,contested,49,5,10.204082
45-1,Liberal,government_bill,unknown_bill_as_government,all,60,5,8.333333
45-1,Liberal,government_bill,unknown_bill_as_government,contested,49,5,10.204082
45-1,Liberal,government_motion,category_only,all,12,1,8.333333
45-1,Liberal,government_motion,category_only,contested,12,1,8.333333
45-1,Liberal,government_motion,documented_free_excluded,all,12,1,8.333333
45-1,Liberal,government_motion,documented_free_excluded,contested,12,1,8.333333
45-1,Liberal,government_motion,uncertain_excluded,all,12,1,8.333333
45-1,Liberal,government_motion,uncertain_excluded,contested,12,1,8.333333
45-1,Liberal,government_motion,unknown_bill_as_government,all,12,1,8.333333
45-1,Liberal,government_motion,unknown_bill_as_government,contested,12,1,8.333333
45-1,Liberal,opposition_motion,category_only,all,29,0,0.0
45-1,Liberal,opposition_motion,category_only,contested,27,0,0.0
45-1,Liberal,opposition_motion,documented_free_excluded,all,29,0,0.0
45-1,Liberal,opposition_motion,documented_free_excluded,contested,27,0,0.0
45-1,Liberal,opposition_motion,uncertain_excluded,all,29,0,0.0
45-1,Liberal,opposition_motion,uncertain_excluded,contested,27,0,0.0
45-1,Liberal,opposition_motion,unknown_bill_as_government,all,29,0,0.0
45-1,Liberal,opposition_motion,unknown_bill_as_government,contested,27,0,0.0
45-1,Liberal,private_members_business,category_only,all,23,2,8.695652
45-1,Liberal,private_members_business,category_only,contested,18,2,11.111111
45-1,Liberal,private_members_business,documented_free_excluded,all,23,2,8.695652
45-1,Liberal,private_members_business,documented_free_excluded,contested,18,2,11.111111
45-1,Liberal,private_members_business,uncertain_excluded,all,23,2,8.695652
45-1,Liberal,private_members_business,uncertain_excluded,contested,18,2,11.111111
45-1,Liberal,private_members_business,unknown_bill_as_government,all,23,2,8.695652
45-1,Liberal,private_members_business,unknown_bill_as_government,contested,18,2,11.111111
45-1,Liberal,procedural,category_only,all,23,1,4.347826
45-1,Liberal,procedural,category_only,contested,22,1,4.545455
45-1,Liberal,procedural,documented_free_excluded,all,23,1,4.347826
45-1,Liberal,procedural,documented_free_excluded,contested,22,1,4.545455
45-1,Liberal,procedural,uncertain_excluded,all,23,1,4.347826
45-1,Liberal,procedural,uncertain_excluded,contested,22,1,4.545455
45-1,Liberal,procedural,unknown_bill_as_government,all,23,1,4.347826
45-1,Liberal,procedural,unknown_bill_as_government,contested,22,1,4.545455
45-1,Liberal,supply,category_only,all,16,0,0.0
45-1,Liberal,supply,category_only,contested,15,0,0.0
45-1,Liberal,supply,documented_free_excluded,all,16,0,0.0
45-1,Liberal,supply,documented_free_excluded,contested,15,0,0.0
45-1,Liberal,supply,uncertain_excluded,all,16,0,0.0
45-1,Liberal,supply,uncertain_excluded,contested,15,0,0.0
45-1,Liberal,supply,unknown_bill_as_government,all,16,0,0.0
45-1,Liberal,supply,unknown_bill_as_government,contested,15,0,0.0
45-1,Liberal,throne_speech,category_only,all,3,0,0.0
45-1,Liberal,throne_speech,category_only,contested,1,0,0.0
45-1,Liberal,throne_speech,documented_free_excluded,all,3,0,0.0
45-1,Liberal,throne_speech,documented_free_excluded,contested,1,0,0.0
45-1,Liberal,throne_speech,uncertain_excluded,all,3,0,0.0
45-1,Liberal,throne_speech,uncertain_excluded,contested,1,0,0.0
45-1,Liberal,throne_speech,unknown_bill_as_government,all,3,0,0.0
45-1,Liberal,throne_speech,unknown_bill_as_government,contested,1,0,0.0
45-1,NDP,appointment,category_only,all,1,0,0.0
45-1,NDP,appointment,category_only,contested,1,0,0.0
45-1,NDP,appointment,documented_free_excluded,all,1,0,0.0
45-1,NDP,appointment,documented_free_excluded,contested,1,0,0.0
45-1,NDP,appointment,uncertain_excluded,all,1,0,0.0
45-1,NDP,appointment,uncertain_excluded,contested,1,0,0.0
45-1,NDP,appointment,unknown_bill_as_government,all,1,0,0.0
45-1,NDP,appointment,unknown_bill_as_government,contested,1,0,0.0
45-1,NDP,committee_report,category_only,all,6,0,0.0
45-1,NDP,committee_report,category_only,contested,4,0,0.0
45-1,NDP,committee_report,documented_free_excluded,all,6,0,0.0
45-1,NDP,committee_report,documented_free_excluded,contested,4,0,0.0
45-1,NDP,committee_report,uncertain_excluded,all,6,0,0.0
45-1,NDP,committee_report,uncertain_excluded,contested,4,0,0.0
45-1,NDP,committee_report,unknown_bill_as_government,all,6,0,0.0
45-1,NDP,committee_report,unknown_bill_as_government,contested,4,0,0.0
45-1,NDP,government_bill,category_only,all,60,0,0.0
45-1,NDP,government_bill,category_only,contested,49,0,0.0
45-1,NDP,government_bill,documented_free_excluded,all,60,0,0.0
45-1,NDP,government_bill,documented_free_excluded,contested,49,0,0.0
45-1,NDP,government_bill,uncertain_excluded,all,60,0,0.0
45-1,NDP,government_bill,uncertain_excluded,contested,49,0,0.0
45-1,NDP,government_bill,unknown_bill_as_government,all,60,0,0.0
45-1,NDP,government_bill,unknown_bill_as_government,contested,49,0,0.0
45-1,NDP,government_motion,category_only,all,11,0,0.0
45-1,NDP,government_motion,category_only,contested,11,0,0.0
45-1,NDP,government_motion,documented_free_excluded,all,11,0,0.0
45-1,NDP,government_motion,documented_free_excluded,contested,11,0,0.0
45-1,NDP,government_motion,uncertain_excluded,all,11,0,0.0
45-1,NDP,government_motion,uncertain_excluded,contested,11,0,0.0
45-1,NDP,government_motion,unknown_bill_as_government,all,11,0,0.0
45-1,NDP,government_motion,unknown_bill_as_government,contested,11,0,0.0
45-1,NDP,opposition_motion,category_only,all,29,0,0.0
45-1,NDP,opposition_motion,category_only,contested,27,0,0.0
45-1,NDP,opposition_motion,documented_free_excluded,all,29,0,0.0
45-1,NDP,opposition_motion,documented_free_excluded,contested,27,0,0.0
45-1,NDP,opposition_motion,uncertain_excluded,all,29,0,0.0
45-1,NDP,opposition_motion,uncertain_excluded,contested,27,0,0.0
45-1,NDP,opposition_motion,unknown_bill_as_government,all,29,0,0.0
45-1,NDP,opposition_motion,unknown_bill_as_government,contested,27,0,0.0
45-1,NDP,private_members_business,category_only,all,23,0,0.0
45-1,NDP,private_members_business,category_only,contested,18,0,0.0
45-1,NDP,private_members_business,documented_free_excluded,all,23,0,0.0
45-1,NDP,private_members_business,documented_free_excluded,contested,18,0,0.0
45-1,NDP,private_members_business,uncertain_excluded,all,23,0,0.0
45-1,NDP,private_members_business,uncertain_excluded,contested,18,0,0.0
45-1,NDP,private_members_business,unknown_bill_as_government,all,23,0,0.0
45-1,NDP,private_members_business,unknown_bill_as_government,contested,18,0,0.0
45-1,NDP,procedural,category_only,all,23,0,0.0
45-1,NDP,procedural,category_only,contested,22,0,0.0
45-1,NDP,procedural,documented_free_excluded,all,23,0,0.0
45-1,NDP,procedural,documented_free_excluded,contested,22,0,0.0
45-1,NDP,procedural,uncertain_excluded,all,23,0,0.0
45-1,NDP,procedural,uncertain_excluded,contested,22,0,0.0
45-1,NDP,procedural,unknown_bill_as_government,all,23,0,0.0
45-1,NDP,procedural,unknown_bill_as_government,contested,22,0,0.0
45-1,NDP,supply,category_only,all,16,0,0.0
45-1,NDP,supply,category_only,contested,15,0,0.0
45-1,NDP,supply,documented_free_excluded,all,16,0,0.0
45-1,NDP,supply,documented_free_excluded,contested,15,0,0.0
45-1,NDP,supply,uncertain_excluded,all,16,0,0.0
45-1,NDP,supply,uncertain_excluded,contested,15,0,0.0
45-1,NDP,supply,unknown_bill_as_government,all,16,0,0.0
45-1,NDP,supply,unknown_bill_as_government,contested,15,0,0.0
45-1,NDP,throne_speech,category_only,all,3,0,0.0
45-1,NDP,throne_speech,category_only,contested,1,0,0.0
45-1,NDP,throne_speech,documented_free_excluded,all,3,0,0.0
45-1,NDP,throne_speech,documented_free_excluded,contested,1,0,0.0
45-1,NDP,throne_speech,uncertain_excluded,all,3,0,0.0
45-1,NDP,throne_speech,uncertain_excluded,contested,1,0,0.0
45-1,NDP,throne_speech,unknown_bill_as_government,all,3,0,0.0
45-1,NDP,throne_speech,unknown_bill_as_government,contested,1,0,0.0
